country_name,country_code,year,value
Afghanistan,AFG,1990,NA
Albania,ALB,1990,2028553750
Algeria,DZA,1990,62045099642.7774
American Samoa,ASM,1990,NA
Andorra,AND,1990,1029048481.88051
Angola,AGO,1990,11228764963.1618
Antigua and Barbuda,ATG,1990,459469058.888889
Argentina,ARG,1990,141352368714.691
Armenia,ARM,1990,2256838858.42714
Aruba,ABW,1990,764887117.194486
Australia,AUS,1990,310838014621.008
Austria,AUT,1990,166463386663.439
Azerbaijan,AZE,1990,9063444102.23294
"Bahamas, The",BHS,1990,3166000000
Bahrain,BHR,1990,4229787234.04255
Bangladesh,BGD,1990,31598341233.559
Barbados,BRB,1990,2023318251.8769
Belarus,BLR,1990,21650000000
Belgium,BEL,1990,206430841501.69
Belize,BLZ,1990,412086445.492177
Benin,BEN,1990,1959965243.76269
Bermuda,BMU,1990,1592400000
Bhutan,BTN,1990,299787275.842376
Bolivia,BOL,1990,4867582620.20708
Bosnia and Herzegovina,BIH,1990,NA
Botswana,BWA,1990,3790567051.86778
Brazil,BRA,1990,461951782000
British Virgin Islands,VGB,1990,NA
Brunei Darussalam,BRN,1990,3520551724.13793
Bulgaria,BGR,1990,20632090909.0909
Burkina Faso,BFA,1990,3101301780.95067
Burundi,BDI,1990,1132101252.51817
Cabo Verde,CPV,1990,306891107.262039
Cambodia,KHM,1990,NA
Cameroon,CMR,1990,11151578050.7356
Canada,CAN,1990,593929550908.468
Cayman Islands,CYM,1990,NA
Central African Republic,CAF,1990,1440711395.67069
Chad,TCD,1990,1738605558.05432
Channel Islands,CHI,1990,NA
Chile,CHL,1990,33113887817.9731
China,CHN,1990,360857912565.966
Colombia,COL,1990,47844090709.9908
Comoros,COM,1990,429622147.743446
"Congo, Dem. Rep.",COD,1990,9349764580.36997
"Congo, Rep.",COG,1990,2798746050.58228
Costa Rica,CRI,1990,5711687786.75989
Cote d'Ivoire,CIV,1990,10795850106.9547
Croatia,HRV,1990,NA
Cuba,CUB,1990,28645436569.1489
Curacao,CUW,1990,NA
Cyprus,CYP,1990,5591130217.66965
Czech Republic,CZE,1990,40477403219.5176
Denmark,DNK,1990,138247261092.977
Djibouti,DJI,1990,452328087.282876
Dominica,DMA,1990,201428730
Dominican Republic,DOM,1990,7073675544.80847
Ecuador,ECU,1990,15239278100.3502
"Egypt, Arab Rep.",EGY,1990,42978914311.3504
El Salvador,SLV,1990,4817542204.02673
Equatorial Guinea,GNQ,1990,112119406.548331
Eritrea,ERI,1990,NA
Estonia,EST,1990,NA
Eswatini,SWZ,1990,1114703088.1614
Ethiopia,ETH,1990,12175166763.285
Faroe Islands,FRO,1990,NA
Fiji,FJI,1990,1337024782.22702
Finland,FIN,1990,141517648888.198
France,FRA,1990,1269179616913.63
French Polynesia,PYF,1990,3181206304.81549
Gabon,GAB,1990,5952293765.84468
"Gambia, The",GMB,1990,317083373.524559
Georgia,GEO,1990,7753501867.76095
Germany,DEU,1990,1764967948916.6
Ghana,GHA,1990,5889174825.487
Gibraltar,GIB,1990,NA
Greece,GRC,1990,97891090928.6328
Greenland,GRL,1990,1018970364.86443
Grenada,GRD,1990,278098762.962963
Guam,GUM,1990,NA
Guatemala,GTM,1990,7650125217.35253
Guinea,GIN,1990,2666616176.91609
Guinea-Bissau,GNB,1990,243961995.509785
Guyana,GUY,1990,396582263.291139
Haiti,HTI,1990,3096289800
Honduras,HND,1990,4923009551.51561
"Hong Kong SAR, China",HKG,1990,76928290841.8701
Hungary,HUN,1990,NA
Iceland,ISL,1990,6372905073.10779
India,IND,1990,316697337894.513
Indonesia,IDN,1990,106140727357.032
"Iran, Islamic Rep.",IRN,1990,124813263926.246
Iraq,IRQ,1990,179885815374.719
Ireland,IRL,1990,49364681255.6988
Isle of Man,IMN,1990,NA
Israel,ISR,1990,58986997916.8733
Italy,ITA,1990,1177326294440.85
Jamaica,JAM,1990,4592224067.37194
Japan,JPN,1990,3132817652848.04
Jordan,JOR,1990,4160003917.43258
Kazakhstan,KAZ,1990,26932728898.8146
Kenya,KEN,1990,8572359162.85631
Kiribati,KIR,1990,39809538.6776989
"Korea, Dem. People’s Rep.",PRK,1990,NA
"Korea, Rep.",KOR,1990,279349355713.801
Kosovo,XKX,1990,NA
Kuwait,KWT,1990,18427777777.7778
Kyrgyz Republic,KGZ,1990,2675000000
Lao PDR,LAO,1990,865559856.1639
Latvia,LVA,1990,NA
Lebanon,LBN,1990,2838485353.96187
Lesotho,LSO,1990,596415104.549144
Liberia,LBR,1990,NA
Libya,LBY,1990,28901836158.1921
Liechtenstein,LIE,1990,1421466239.56234
Lithuania,LTU,1990,NA
Luxembourg,LUX,1990,13229247947.8513
"Macao SAR, China",MAC,1990,3220920084.77746
Madagascar,MDG,1990,3081479800.28769
Malawi,MWI,1990,1880771556.30474
Malaysia,MYS,1990,44024178343.0071
Maldives,MDV,1990,215089005.235602
Mali,MLI,1990,2681912030.49384
Malta,MLT,1990,2547163582.33149
Marshall Islands,MHL,1990,78476000
Mauritania,MRT,1990,1019600770.60339
Mauritius,MUS,1990,2653480001.34558
Mexico,MEX,1990,261253582805.945
"Micronesia, Fed. Sts.",FSM,1990,147200000
Moldova,MDA,1990,NA
Monaco,MCO,1990,2481316053.85316
Mongolia,MNG,1990,2560785660
Montenegro,MNE,1990,NA
Morocco,MAR,1990,30180108561.9305
Mozambique,MOZ,1990,2512079324.07706
Myanmar,MMR,1990,NA
Namibia,NAM,1990,2785764518.01845
Nauru,NRU,1990,NA
Nepal,NPL,1990,3627562402.66027
Netherlands,NLD,1990,314267667675.178
New Caledonia,NCL,1990,2529310103.83608
New Zealand,NZL,1990,45519034243.71
Nicaragua,NIC,1990,1009455483.87097
Niger,NER,1990,2480673194.99252
Nigeria,NGA,1990,54035795388.0915
North Macedonia,MKD,1990,4699646643.10954
Northern Mariana Islands,MNP,1990,NA
Norway,NOR,1990,119791683307.507
Oman,OMN,1990,11685045513.6541
Pakistan,PAK,1990,40010424928.715
Palau,PLW,1990,NA
Panama,PAN,1990,6433967000
Papua New Guinea,PNG,1990,3219730364.99623
Paraguay,PRY,1990,5812114523.02702
Peru,PER,1990,26410386669.3609
Philippines,PHL,1990,44311593755.7845
Poland,POL,1990,65977749036.9844
Portugal,PRT,1990,78721607509.4923
Puerto Rico,PRI,1990,30603919000
Qatar,QAT,1990,7360439423.07692
Romania,ROU,1990,38995454545.4545
Russian Federation,RUS,1990,516814274021.956
Rwanda,RWA,1990,2550185618.14774
Samoa,WSM,1990,125766269.755358
San Marino,SMR,1990,NA
Sao Tome and Principe,STP,1990,NA
Saudi Arabia,SAU,1990,117630271802.403
Senegal,SEN,1990,7237100724.34196
Serbia,SRB,1990,NA
Seychelles,SYC,1990,368584758.942457
Sierra Leone,SLE,1990,649644826.800447
Singapore,SGP,1990,36152027893.1446
Sint Maarten (Dutch part),SXM,1990,NA
Slovak Republic,SVK,1990,12694544692.7374
Slovenia,SVN,1990,NA
Solomon Islands,SLB,1990,302515026.890225
Somalia,SOM,1990,NA
South Africa,ZAF,1990,115553279480.54
South Sudan,SSD,1990,NA
Spain,ESP,1990,535101248775.71
Sri Lanka,LKA,1990,8032551173.24014
St. Kitts and Nevis,KNA,1990,217258907.777778
St. Lucia,LCA,1990,515979396.777778
St. Martin (French part),MAF,1990,NA
St. Vincent and the Grenadines,VCT,1990,240365262.592593
Sudan,SDN,1990,12408647540.9836
Suriname,SUR,1990,388400000
Sweden,SWE,1990,258154283908.9
Switzerland,CHE,1990,258066552980.132
Syrian Arab Republic,SYR,1990,12308624283.9787
Tajikistan,TJK,1990,2629395066.27017
Tanzania,TZA,1990,4258743262.82876
Thailand,THA,1990,85343063965.9182
Timor-Leste,TLS,1990,NA
Togo,TGO,1990,1628427515.41881
Tonga,TON,1990,113563821.577404
Trinidad and Tobago,TTO,1990,5068000000
Tunisia,TUN,1990,12290568181.8182
Turkey,TUR,1990,150676291094.21
Turkmenistan,TKM,1990,3189539641.3171
Turks and Caicos Islands,TCA,1990,NA
Tuvalu,TUV,1990,8824447.74022325
Uganda,UGA,1990,4304398865.88268
Ukraine,UKR,1990,81456918678.5008
United Arab Emirates,ARE,1990,50701443748.2975
United Kingdom,GBR,1990,1093169389204.55
United States,USA,1990,5979589000000
Uruguay,URY,1990,9298839655.23139
Uzbekistan,UZB,1990,13360607917.8773
Vanuatu,VUT,1990,158397403.041175
"Venezuela, RB",VEN,1990,48598315565.032
Vietnam,VNM,1990,6471740805.56984
Virgin Islands (U.S.),VIR,1990,1564700032
West Bank and Gaza,PSE,1990,NA
"Yemen, Rep.",YEM,1990,5647119229.00763
Zambia,ZMB,1990,3285217391.30435
Zimbabwe,ZWE,1990,8783816700
Afghanistan,AFG,2000,NA
Albania,ALB,2000,3480355258.04122
Algeria,DZA,2000,54790245600.5846
American Samoa,ASM,2000,NA
Andorra,AND,2000,1434429703.33518
Angola,AGO,2000,9129594818.60749
Antigua and Barbuda,ATG,2000,830158768.888889
Argentina,ARG,2000,284203750000
Armenia,ARM,2000,1911563665.39006
Aruba,ABW,2000,1873452513.96648
Australia,AUS,2000,415034227218.489
Austria,AUT,2000,196799778883.361
Azerbaijan,AZE,2000,5272617196.04517
"Bahamas, The",BHS,2000,8076470000
Bahrain,BHR,2000,9062906914.89362
Bangladesh,BGD,2000,53369787318.6245
Barbados,BRB,2000,3121500000
Belarus,BLR,2000,12736856827.9847
Belgium,BEL,2000,237904919845.218
Belize,BLZ,2000,832072450
Benin,BEN,2000,2569186642.86999
Bermuda,BMU,2000,3480219000
Bhutan,BTN,2000,439158233.199822
Bolivia,BOL,2000,8397912509.09679
Bosnia and Herzegovina,BIH,2000,5505984455.95855
Botswana,BWA,2000,5788329609.15755
Brazil,BRA,2000,655420645476.906
British Virgin Islands,VGB,2000,NA
Brunei Darussalam,BRN,2000,6001153306.2645
Bulgaria,BGR,2000,13153016530.8718
Burkina Faso,BFA,2000,2628920056.10098
Burundi,BDI,2000,870486065.883137
Cabo Verde,CPV,2000,539227277.626411
Cambodia,KHM,2000,3677897739.07628
Cameroon,CMR,2000,10083937740.0624
Canada,CAN,2000,742293448252.643
Cayman Islands,CYM,2000,NA
Central African Republic,CAF,2000,914500299.097034
Chad,TCD,2000,1385058161.76746
Channel Islands,CHI,2000,6439703434.71024
Chile,CHL,2000,77860932151.8471
China,CHN,2000,1211346869605.24
Colombia,COL,2000,99886577330.7271
Comoros,COM,2000,350264287.687331
"Congo, Dem. Rep.",COD,2000,19088046305.7971
"Congo, Rep.",COG,2000,3219910550.39332
Costa Rica,CRI,2000,14949514493.4226
Cote d'Ivoire,CIV,2000,10717022462.6859
Croatia,HRV,2000,21774273831.5586
Cuba,CUB,2000,30565400000
Curacao,CUW,2000,NA
Cyprus,CYP,2000,9985843543.82658
Czech Republic,CZE,2000,61649492816.5201
Denmark,DNK,2000,164158800460.219
Djibouti,DJI,2000,551230861.856506
Dominica,DMA,2000,333468888.888889
Dominican Republic,DOM,2000,24305116729.1851
Ecuador,ECU,2000,18327764882.4412
"Egypt, Arab Rep.",EGY,2000,99838543960.0763
El Salvador,SLV,2000,11784927700
Equatorial Guinea,GNQ,2000,1045998496.43872
Eritrea,ERI,2000,706370815.584416
Estonia,EST,2000,5685774808.80862
Eswatini,SWZ,2000,1738100853.05052
Ethiopia,ETH,2000,8242392103.68061
Faroe Islands,FRO,2000,1062339943.83343
Fiji,FJI,2000,1684109743.49338
Finland,FIN,2000,125539893126.958
France,FRA,2000,1362248940482.77
French Polynesia,PYF,2000,3447543137.9415
Gabon,GAB,2000,5067865320.7979
"Gambia, The",GMB,2000,782915402.421095
Georgia,GEO,2000,3057453467.55136
Germany,DEU,2000,1949953934033.54
Ghana,GHA,2000,4983024408.14828
Gibraltar,GIB,2000,NA
Greece,GRC,2000,130133845771.144
Greenland,GRL,2000,1068030829.75591
Grenada,GRD,2000,520044370.37037
Guam,GUM,2000,NA
Guatemala,GTM,2000,19288827158.9035
Guinea,GIN,2000,2995360969.16199
Guinea-Bissau,GNB,2000,370173838.651652
Guyana,GUY,2000,712667896.727512
Haiti,HTI,2000,3953846310.66081
Honduras,HND,2000,7103507989.05044
"Hong Kong SAR, China",HKG,2000,171668164082.555
Hungary,HUN,2000,47310623887.2319
Iceland,ISL,2000,8927140438.33316
India,IND,2000,462146799336.77
Indonesia,IDN,2000,165021012077.81
"Iran, Islamic Rep.",IRN,2000,109591707802.233
Iraq,IRQ,2000,NA
Ireland,IRL,2000,99853528653.0311
Isle of Man,IMN,2000,1563667799.61578
Israel,ISR,2000,132339311284.428
Italy,ITA,2000,1141759996314.72
Jamaica,JAM,2000,8985352831.94058
Japan,JPN,2000,4887519660744.86
Jordan,JOR,2000,8460424400.56418
Kazakhstan,KAZ,2000,18291990619.137
Kenya,KEN,2000,12705357103.0056
Kiribati,KIR,2000,67254174.3970315
"Korea, Dem. People’s Rep.",PRK,2000,NA
"Korea, Rep.",KOR,2000,561633125839.994
Kosovo,XKX,2000,1849196082.05507
Kuwait,KWT,2000,37711864406.7797
Kyrgyz Republic,KGZ,2000,1369692689.42855
Lao PDR,LAO,2000,1731198022.45494
Latvia,LVA,2000,7937758980.30127
Lebanon,LBN,2000,17260364842.4544
Lesotho,LSO,2000,887295267.875155
Liberia,LBR,2000,874000000
Libya,LBY,2000,38270206950.41
Liechtenstein,LIE,2000,2483953102.79488
Lithuania,LTU,2000,11539211480.3625
Luxembourg,LUX,2000,21263514833.2412
"Macao SAR, China",MAC,2000,6720492405.83611
Madagascar,MDG,2000,3877673539.09084
Malawi,MWI,2000,1743506531.32652
Malaysia,MYS,2000,93789736842.1053
Maldives,MDV,2000,624337145.284622
Mali,MLI,2000,2954129565.82965
Malta,MLT,2000,4306192435.82207
Marshall Islands,MHL,2000,110937700
Mauritania,MRT,2000,1293654175.2102
Mauritius,MUS,2000,4582555124.64952
Mexico,MEX,2000,707906744574.644
"Micronesia, Fed. Sts.",FSM,2000,233226300
Moldova,MDA,2000,1288429391.79951
Monaco,MCO,2000,2647883815.57966
Mongolia,MNG,2000,1136896123.61298
Montenegro,MNE,2000,984297589.359934
Morocco,MAR,2000,38857251336.3448
Mozambique,MOZ,2000,5016469068.50898
Myanmar,MMR,2000,8905066163.58643
Namibia,NAM,2000,3833993706.73581
Nauru,NRU,2000,NA
Nepal,NPL,2000,5494252207.90502
Netherlands,NLD,2000,412807259996.315
New Caledonia,NCL,2000,2682347064.3642
New Zealand,NZL,2000,52622842840.2055
Nicaragua,NIC,2000,5107329007.0922
Niger,NER,2000,1798374468.36362
Nigeria,NGA,2000,69448756932.6008
North Macedonia,MKD,2000,3772851420.24763
Northern Mariana Islands,MNP,2000,NA
Norway,NOR,2000,171315639982.731
Oman,OMN,2000,19507412223.6671
Pakistan,PAK,2000,73952374969.7995
Palau,PLW,2000,144759500
Panama,PAN,2000,12304115000
Papua New Guinea,PNG,2000,3521339699.07407
Paraguay,PRY,2000,8855705139.55857
Peru,PER,2000,51744749133.213
Philippines,PHL,2000,81026300310.0109
Poland,POL,2000,171885598582.637
Portugal,PRT,2000,118358489957.619
Puerto Rico,PRI,2000,61701800000
Qatar,QAT,2000,17759890109.8901
Romania,ROU,2000,37438527799.5302
Russian Federation,RUS,2000,259708496267.33
Rwanda,RWA,2000,1734938652.21165
Samoa,WSM,2000,269019710.327456
San Marino,SMR,2000,1101897917.81832
Sao Tome and Principe,STP,2000,NA
Saudi Arabia,SAU,2000,189514926213.333
Senegal,SEN,2000,5924239700.81588
Serbia,SRB,2000,6540247190.33529
Seychelles,SYC,2000,614879764.780006
Sierra Leone,SLE,2000,635874002.198748
Singapore,SGP,2000,95833932714.6172
Sint Maarten (Dutch part),SXM,2000,NA
Slovak Republic,SVK,2000,29114875621.8905
Slovenia,SVN,2000,20342201356.0052
Solomon Islands,SLB,2000,435103853.485036
Somalia,SOM,2000,NA
South Africa,ZAF,2000,136361854808.496
South Sudan,SSD,2000,NA
Spain,ESP,2000,595402616546.895
Sri Lanka,LKA,2000,16330814179.9766
St. Kitts and Nevis,KNA,2000,433520494.939384
St. Lucia,LCA,2000,833537296.296296
St. Martin (French part),MAF,2000,NA
St. Vincent and the Grenadines,VCT,2000,396261370.37037
Sudan,SDN,2000,12257418326.0734
Suriname,SUR,2000,947671969.69697
Sweden,SWE,2000,259802012617.057
Switzerland,CHE,2000,272055499940.786
Syrian Arab Republic,SYR,2000,19325894913.1254
Tajikistan,TJK,2000,860521119.298753
Tanzania,TZA,2000,10185786382.8283
Thailand,THA,2000,126392308497.749
Timor-Leste,TLS,2000,439600000
Togo,TGO,2000,1488185772.47585
Tonga,TON,2000,202363492.160332
Trinidad and Tobago,TTO,2000,8154338232.95978
Tunisia,TUN,2000,21473188881.5933
Turkey,TUR,2000,272979846449.136
Turkmenistan,TKM,2000,2904662604.82053
Turks and Caicos Islands,TCA,2000,NA
Tuvalu,TUV,2000,13742057.0500928
Uganda,UGA,2000,6193246837.09687
Ukraine,UKR,2000,31261527363.144
United Arab Emirates,ARE,2000,104337372362.151
United Kingdom,GBR,2000,1647951278559.54
United States,USA,2000,10284779000000
Uruguay,URY,2000,22823255801.8447
Uzbekistan,UZB,2000,13760513969.314
Vanuatu,VUT,2000,272014693.050806
"Venezuela, RB",VEN,2000,117140723529.412
Vietnam,VNM,2000,31172518403.3162
Virgin Islands (U.S.),VIR,2000,NA
West Bank and Gaza,PSE,2000,4313600000
"Yemen, Rep.",YEM,2000,9652436179.64605
Zambia,ZMB,2000,3600683039.73254
Zimbabwe,ZWE,2000,6689957600
Afghanistan,AFG,2009,12439087076.7667
Albania,ALB,2009,12044208085.864
Algeria,DZA,2009,137211039898.193
American Samoa,ASM,2009,678000000
Andorra,AND,2009,3660530702.97305
Angola,AGO,2009,70307163678.1895
Antigua and Barbuda,ATG,2009,1224253013.7037
Argentina,ARG,2009,332976484577.619
Armenia,ARM,2009,8647936747.98704
Aruba,ABW,2009,2498882681.56425
Australia,AUS,2009,926448240318.068
Austria,AUT,2009,400172297860.517
Azerbaijan,AZE,2009,44291490420.5026
"Bahamas, The",BHS,2009,9981960000
Bahrain,BHR,2009,22938218085.1064
Bangladesh,BGD,2009,102477791472.39
Barbados,BRB,2009,4479950000
Belarus,BLR,2009,50874078052.2735
Belgium,BEL,2009,484552792442.345
Belize,BLZ,2009,1335217500
Benin,BEN,2009,7097198711.61023
Bermuda,BMU,2009,5806378000
Bhutan,BTN,2009,1264758197.96593
Bolivia,BOL,2009,17339992165.2422
Bosnia and Herzegovina,BIH,2009,17613836209.9581
Botswana,BWA,2009,10267133177.7334
Brazil,BRA,2009,1667019780934.28
British Virgin Islands,VGB,2009,NA
Brunei Darussalam,BRN,2009,10732366286.2643
Bulgaria,BGR,2009,51884481410.3931
Burkina Faso,BFA,2009,8369175126.2531605
Burundi,BDI,2009,1781455092.07114
Cabo Verde,CPV,2009,1711817181.52969
Cambodia,KHM,2009,10401851850.6108
Cameroon,CMR,2009,26017925551.8426
Canada,CAN,2009,1371153004986.44
Cayman Islands,CYM,2009,NA
Central African Republic,CAF,2009,1981732633.92013
Chad,TCD,2009,9253484108.49701
Channel Islands,CHI,2009,NA
Chile,CHL,2009,172389498444.621
China,CHN,2009,5109953609257.25
Colombia,COL,2009,232494134119.684
Comoros,COM,2009,901711442.285944
"Congo, Dem. Rep.",COD,2009,18648373312.4241
"Congo, Rep.",COG,2009,9593537550.75063
Costa Rica,CRI,2009,30562361123.0103
Cote d'Ivoire,CIV,2009,24277493862.0625
Croatia,HRV,2009,62754161039.069
Cuba,CUB,2009,62080000000
Curacao,CUW,2009,NA
Cyprus,CYP,2009,25942664629.0636
Czech Republic,CZE,2009,206179982164.402
Denmark,DNK,2009,321241396034.248
Djibouti,DJI,2009,1049110684.72493
Dominica,DMA,2009,489074333.333333
Dominican Republic,DOM,2009,48376555305.6902
Ecuador,ECU,2009,62519686000
"Egypt, Arab Rep.",EGY,2009,188982374700.805
El Salvador,SLV,2009,17601616000
Equatorial Guinea,GNQ,2009,15027795173.2187
Eritrea,ERI,2009,1856695551.21951
Estonia,EST,2009,19652492636.8436
Eswatini,SWZ,2009,3580417066.92472
Ethiopia,ETH,2009,32437389116.038
Faroe Islands,FRO,2009,2257083698.63269
Fiji,FJI,2009,2870624635.68032
Finland,FIN,2009,251499027507.641
France,FRA,2009,2690222283967.77
French Polynesia,PYF,2009,NA
Gabon,GAB,2009,12065138272.7538
"Gambia, The",GMB,2009,900639534.010899
Georgia,GEO,2009,10766809096.1694
Germany,DEU,2009,3418005001389.27
Ghana,GHA,2009,25977847813.7422
Gibraltar,GIB,2009,NA
Greece,GRC,2009,330000252153.376
Greenland,GRL,2009,2529948329.57153
Grenada,GRD,2009,771275555.555555
Guam,GUM,2009,4781000000
Guatemala,GTM,2009,37734072275.5946
Guinea,GIN,2009,6716904635.18733
Guinea-Bissau,GNB,2009,826798659.766283
Guyana,GUY,2009,2061324145.62393
Haiti,HTI,2009,6584649419.28348
Honduras,HND,2009,14587496229.1811
"Hong Kong SAR, China",HKG,2009,214046415026.187
Hungary,HUN,2009,130593960612.172
Iceland,ISL,2009,12944114736.1985
India,IND,2009,1323940295874.9
Indonesia,IDN,2009,539580085612.401
"Iran, Islamic Rep.",IRN,2009,414059094949.063
Iraq,IRQ,2009,111660855042.735
Ireland,IRL,2009,236311336482.356
Isle of Man,IMN,2009,5487083657.89064
Israel,ISR,2009,207419370241.335
Italy,ITA,2009,2185160183384.27
Jamaica,JAM,2009,12067478477.5714
Japan,JPN,2009,5231382674593.7
Jordan,JOR,2009,23820230000
Kazakhstan,KAZ,2009,115308661142.927
Kenya,KEN,2009,37021512048.8158
Kiribati,KIR,2009,132420059.273124
"Korea, Dem. People’s Rep.",PRK,2009,NA
"Korea, Rep.",KOR,2009,901934953364.711
Kosovo,XKX,2009,5653792720.20006
Kuwait,KWT,2009,105899930507.297
Kyrgyz Republic,KGZ,2009,4690062255.12247
Lao PDR,LAO,2009,5832915387.08908
Latvia,LVA,2009,26169854045.0375
Lebanon,LBN,2009,35477299023.8806
Lesotho,LSO,2009,1773199526.39088
Liberia,LBR,2009,1768000000
Libya,LBY,2009,63028320702.0343
Liechtenstein,LIE,2009,4504549214.22663
Lithuania,LTU,2009,37440673477.8982
Luxembourg,LUX,2009,51370543206.4462
"Macao SAR, China",MAC,2009,21475520709.3922
Madagascar,MDG,2009,8550363974.79243
Malawi,MWI,2009,6191127665.1963
Malaysia,MYS,2009,202257586267.556
Maldives,MDV,2009,2345294875
Mali,MLI,2009,10181021770.4326
Malta,MLT,2009,8528202278.41067
Marshall Islands,MHL,2009,152617500
Mauritania,MRT,2009,3662282133.18962
Mauritius,MUS,2009,9128843109.15588
Mexico,MEX,2009,900045350649.351
"Micronesia, Fed. Sts.",FSM,2009,279966700
Moldova,MDA,2009,5439422031.39627
Monaco,MCO,2009,5451653237.01028
Mongolia,MNG,2009,4583850367.88972
Montenegro,MNE,2009,4159330369.5471
Morocco,MAR,2009,92897320375.8176
Mozambique,MOZ,2009,10911698204.4676
Myanmar,MMR,2009,36906181380.8127
Namibia,NAM,2009,8876191120.76189
Nauru,NRU,2009,44290951.9252006
Nepal,NPL,2009,12854985464.0764
Netherlands,NLD,2009,857932759099.75
New Caledonia,NCL,2009,NA
New Zealand,NZL,2009,121338622025.111
Nicaragua,NIC,2009,8298695144.91507
Niger,NER,2009,5373097440.5653
Nigeria,NGA,2009,291880204327.632
North Macedonia,MKD,2009,9401731495.71661
Northern Mariana Islands,MNP,2009,795000000
Norway,NOR,2009,386622457579.95
Oman,OMN,2009,48388296488.9467
Pakistan,PAK,2009,168152775283.032
Palau,PLW,2009,182704300
Panama,PAN,2009,27116635600
Papua New Guinea,PNG,2009,11619541940.4014
Paraguay,PRY,2009,22341754513.9643
Peru,PER,2009,120822986521.479
Philippines,PHL,2009,168334601260.075
Poland,POL,2009,439796160379.475
Portugal,PRT,2009,243745748819.116
Puerto Rico,PRI,2009,96385600000
Qatar,QAT,2009,97798351648.3516
Romania,ROU,2009,172611845341.554
Russian Federation,RUS,2009,1222644282200.48
Rwanda,RWA,2009,5378925894.62296
Samoa,WSM,2009,560959527.824621
San Marino,SMR,2009,2363156432.34232
Sao Tome and Principe,STP,2009,187821029.033169
Saudi Arabia,SAU,2009,429097866666.667
Senegal,SEN,2009,16248212852.2153
Serbia,SRB,2009,42616653299.9115
Seychelles,SYC,2009,847397850.094417
Sierra Leone,SLE,2009,2453899846.88317
Singapore,SGP,2009,192408387762.118
Sint Maarten (Dutch part),SXM,2009,NA
Slovak Republic,SVK,2009,88945625173.6593
Slovenia,SVN,2009,50244793831.6199
Solomon Islands,SLB,2009,597765363.128492
Somalia,SOM,2009,NA
South Africa,ZAF,2009,295936485832.635
South Sudan,SSD,2009,NA
Spain,ESP,2009,1499099749930.54
Sri Lanka,LKA,2009,42066217871.5349
St. Kitts and Nevis,KNA,2009,767066391.818518
St. Lucia,LCA,2009,1262872666.66667
St. Martin (French part),MAF,2009,NA
St. Vincent and the Grenadines,VCT,2009,674922481.481481
Sudan,SDN,2009,53150209167.934
Suriname,SUR,2009,3875555555.55556
Sweden,SWE,2009,429657033107.737
Switzerland,CHE,2009,541506500413.565
Syrian Arab Republic,SYR,2009,NA
Tajikistan,TJK,2009,4979481980.35098
Tanzania,TZA,2009,28573777052.4542
Thailand,THA,2009,281710095724.761
Timor-Leste,TLS,2009,3199600000
Togo,TGO,2009,3365711796.38206
Tonga,TON,2009,318166562.784677
Trinidad and Tobago,TTO,2009,19172165225.5015
Tunisia,TUN,2009,43454935940.1614
Turkey,TUR,2009,644640000000
Turkmenistan,TKM,2009,20214385964.9123
Turks and Caicos Islands,TCA,2009,NA
Tuvalu,TUV,2009,27101076.2751521
Uganda,UGA,2009,18168902153.8798
Ukraine,UKR,2009,117113410001.027
United Arab Emirates,ARE,2009,253547358747.447
United Kingdom,GBR,2009,2382825985355.97
United States,USA,2009,14418739000000
Uruguay,URY,2009,31660911277.0294
Uzbekistan,UZB,2009,33689223673.2577
Vanuatu,VUT,2009,610066628.693058
"Venezuela, RB",VEN,2009,329787628928.472
Vietnam,VNM,2009,106014659770.222
Virgin Islands (U.S.),VIR,2009,4203000000
West Bank and Gaza,PSE,2009,7268200000
"Yemen, Rep.",YEM,2009,25130274124.2524
Zambia,ZMB,2009,15328342303.9575
Zimbabwe,ZWE,2009,9665793300
Afghanistan,AFG,2010,15856574731.4411
Albania,ALB,2010,11926957254.6288
Algeria,DZA,2010,161207268655.392
American Samoa,ASM,2010,576000000
Andorra,AND,2010,3355695364.23841
Angola,AGO,2010,83799496611.6049
Antigua and Barbuda,ATG,2010,1152469068.51852
Argentina,ARG,2010,423627422092.49
Armenia,ARM,2010,9260284937.79782
Aruba,ABW,2010,2390502793.29609
Australia,AUS,2010,1144260547872.81
Austria,AUT,2010,391892746544.69
Azerbaijan,AZE,2010,52902703376.1056
"Bahamas, The",BHS,2010,10095760000
Bahrain,BHR,2010,25713271276.5957
Bangladesh,BGD,2010,115279077465.226
Barbados,BRB,2010,4529900000
Belarus,BLR,2010,58665088956.0255
Belgium,BEL,2010,483548031197.108
Belize,BLZ,2010,1396731700
Benin,BEN,2010,6970240895.49888
Bermuda,BMU,2010,5744414000
Bhutan,BTN,2010,1585472534.10547
Bolivia,BOL,2010,19649724655.4886
Bosnia and Herzegovina,BIH,2010,17176781336.7644
Botswana,BWA,2010,12786654365.8738
Brazil,BRA,2010,2208871646202.82
British Virgin Islands,VGB,2010,NA
Brunei Darussalam,BRN,2010,13707370737.0737
Bulgaria,BGR,2010,50610058210.3696
Burkina Faso,BFA,2010,8979966766.07232
Burundi,BDI,2010,2032135246.50004
Cabo Verde,CPV,2010,1664310769.55229
Cambodia,KHM,2010,11242275198.9783
Cameroon,CMR,2010,26143818509.6421
Canada,CAN,2010,1613464422811.13
Cayman Islands,CYM,2010,NA
Central African Republic,CAF,2010,1986015906.25044
Chad,TCD,2010,10657705536.4978
Channel Islands,CHI,2010,NA
Chile,CHL,2010,218537551220.071
China,CHN,2010,6100620488867.55
Colombia,COL,2010,286103648654.545
Comoros,COM,2010,907093130.313521
"Congo, Dem. Rep.",COD,2010,21565720044.4634
"Congo, Rep.",COG,2010,12007880438.6232
Costa Rica,CRI,2010,37268635287.1516
Cote d'Ivoire,CIV,2010,24884505034.5564
Croatia,HRV,2010,59844207748.9473
Cuba,CUB,2010,64328000000
Curacao,CUW,2010,NA
Cyprus,CYP,2010,25562264900.6622
Czech Republic,CZE,2010,207477857918.919
Denmark,DNK,2010,321995350346.501
Djibouti,DJI,2010,1128611700.3618
Dominica,DMA,2010,493824407.407407
Dominican Republic,DOM,2010,53982886258.2205
Ecuador,ECU,2010,69555367000
"Egypt, Arab Rep.",EGY,2010,218888324504.753
El Salvador,SLV,2010,18447922400
Equatorial Guinea,GNQ,2010,16298542027.9965
Eritrea,ERI,2010,2117039512.19512
Estonia,EST,2010,19490936349.1753
Eswatini,SWZ,2010,4438778424.30203
Ethiopia,ETH,2010,29933790334.3418
Faroe Islands,FRO,2010,2301168186.90991
Fiji,FJI,2010,3140508835.9485
Finland,FIN,2010,247799815768.477
France,FRA,2010,2642609548930.36
French Polynesia,PYF,2010,NA
Gabon,GAB,2010,14358584300.3006
"Gambia, The",GMB,2010,951806368.699129
Georgia,GEO,2010,11638536861.8315
Germany,DEU,2010,3417094562648.95
Ghana,GHA,2010,32174772955.9748
Gibraltar,GIB,2010,NA
Greece,GRC,2010,299361576558.217
Greenland,GRL,2010,2503156060.52524
Grenada,GRD,2010,771013259.259259
Guam,GUM,2010,4895000000
Guatemala,GTM,2010,41338521642.0274
Guinea,GIN,2010,6853467936.39129
Guinea-Bissau,GNB,2010,849050127.504407
Guyana,GUY,2010,2273224261.15644
Haiti,HTI,2010,6622541528.56888
Honduras,HND,2010,15839344591.9842
"Hong Kong SAR, China",HKG,2010,228637697575.04
Hungary,HUN,2010,130922638689.071
Iceland,ISL,2010,13310567802.9356
India,IND,2010,1656617073124.21
Indonesia,IDN,2010,755094160363.073
"Iran, Islamic Rep.",IRN,2010,487069570463.768
Iraq,IRQ,2010,138516722649.573
Ireland,IRL,2010,221951354761.532
Isle of Man,IMN,2010,5920177688.50433
Israel,ISR,2010,233609522091.468
Italy,ITA,2010,2125058244242.92
Jamaica,JAM,2010,13200286270.4683
Japan,JPN,2010,5700098114744.41
Jordan,JOR,2010,26425379436.6197
Kazakhstan,KAZ,2010,148047348240.643
Kenya,KEN,2010,40000088346.8041
Kiribati,KIR,2010,156120895.248578
"Korea, Dem. People’s Rep.",PRK,2010,NA
"Korea, Rep.",KOR,2010,1094499338702.72
Kosovo,XKX,2010,5830463576.15894
Kuwait,KWT,2010,115419050942.08
Kyrgyz Republic,KGZ,2010,4794357795.07139
Lao PDR,LAO,2010,7127792629.58294
Latvia,LVA,2010,23757368290.0955
Lebanon,LBN,2010,38419626605.3731
Lesotho,LSO,2010,2361613522.46014
Liberia,LBR,2010,1998000000
Libya,LBY,2010,74773444900.5368
Liechtenstein,LIE,2010,5082366478.08994
Lithuania,LTU,2010,37120517693.8622
Luxembourg,LUX,2010,53212476812.2957
"Macao SAR, China",MAC,2010,28123640998.7253
Madagascar,MDG,2010,8729936135.74487
Malawi,MWI,2010,6959655570.89098
Malaysia,MYS,2010,255016609232.871
Maldives,MDV,2010,2588176054.6875
Mali,MLI,2010,10678749467.4697
Malta,MLT,2010,8741059602.64901
Marshall Islands,MHL,2010,164969100
Mauritania,MRT,2010,4337791006.84248
Mauritius,MUS,2010,10003670690.3497
Mexico,MEX,2010,1057801295584.05
"Micronesia, Fed. Sts.",FSM,2010,296525300
Moldova,MDA,2010,5811604051.96737
Monaco,MCO,2010,5362649006.62252
Mongolia,MNG,2010,7189481824.07288
Montenegro,MNE,2010,4139192052.98013
Morocco,MAR,2010,93216746661.5977
Mozambique,MOZ,2010,10154238250.1818
Myanmar,MMR,2010,49540813342.4834
Namibia,NAM,2010,11282192605.0374
Nauru,NRU,2010,49248810.5726872
Nepal,NPL,2010,16002656434.4746
Netherlands,NLD,2010,836389937229.197
New Caledonia,NCL,2010,NA
New Zealand,NZL,2010,146583831538.331
Nicaragua,NIC,2010,8758622328.66962
Niger,NER,2010,5718664504.91341
Nigeria,NGA,2010,363359886203.263
North Macedonia,MKD,2010,9407168702.4313
Northern Mariana Islands,MNP,2010,799000000
Norway,NOR,2010,429130952709.224
Oman,OMN,2010,58642392717.8153
Pakistan,PAK,2010,177406854514.885
Palau,PLW,2010,182863000
Panama,PAN,2010,29440287600
Papua New Guinea,PNG,2010,14250726289.854
Paraguay,PRY,2010,27215968615.5548
Peru,PER,2010,147528937028.778
Philippines,PHL,2010,199590775190.258
Poland,POL,2010,479257883741.752
Portugal,PRT,2010,238303443425.21
Puerto Rico,PRI,2010,98381300000
Qatar,QAT,2010,125122306346.154
Romania,ROU,2010,166225180150.414
Russian Federation,RUS,2010,1524917468442.6
Rwanda,RWA,2010,5773084568.14756
Samoa,WSM,2010,643046733.391126
San Marino,SMR,2010,2139072847.68212
Sao Tome and Principe,STP,2010,197454053.145088
Saudi Arabia,SAU,2010,528207200000
Senegal,SEN,2010,16215069255.5883
Serbia,SRB,2010,39460357730.5224
Seychelles,SYC,2010,969936525.298729
Sierra Leone,SLE,2010,2578026297.15912
Singapore,SGP,2010,236421782178.218
Sint Maarten (Dutch part),SXM,2010,NA
Slovak Republic,SVK,2010,89501012915.7314
Slovenia,SVN,2010,48013606745.4803
Solomon Islands,SLB,2010,681151193.502387
Somalia,SOM,2010,NA
South Africa,ZAF,2010,375349442837.187
South Sudan,SSD,2010,NA
Spain,ESP,2010,1431616749640.29
Sri Lanka,LKA,2010,56725749222.0435
St. Kitts and Nevis,KNA,2010,766785071.244444
St. Lucia,LCA,2010,1382054666.66667
St. Martin (French part),MAF,2010,NA
St. Vincent and the Grenadines,VCT,2010,681225962.962963
Sudan,SDN,2010,65634109236.7736
Suriname,SUR,2010,4368398047.64333
Sweden,SWE,2010,488377689564.921
Switzerland,CHE,2010,583782977866.405
Syrian Arab Republic,SYR,2010,NA
Tajikistan,TJK,2010,5642178579.58438
Tanzania,TZA,2010,31409598703.7061
Thailand,THA,2010,341105009515.333
Timor-Leste,TLS,2010,3998900000
Togo,TGO,2010,3426022205.75557
Tonga,TON,2010,369485198.817979
Trinidad and Tobago,TTO,2010,22157253321.2039
Tunisia,TUN,2010,44050929160.2627
Turkey,TUR,2010,771901783337.77
Turkmenistan,TKM,2010,22583157894.7368
Turks and Caicos Islands,TCA,2010,NA
Tuvalu,TUV,2010,31823518.6204366
Uganda,UGA,2010,20186496527.1256
Ukraine,UKR,2010,136013155905.036
United Arab Emirates,ARE,2010,289787338325.391
United Kingdom,GBR,2010,2441173394729.62
United States,USA,2010,14964372000000
Uruguay,URY,2010,40284481651.9021
Uzbekistan,UZB,2010,39332770928.9426
Vanuatu,VUT,2010,700804286.224354
"Venezuela, RB",VEN,2010,393192354510.653
Vietnam,VNM,2010,115931749697.241
Virgin Islands (U.S.),VIR,2010,4339000000
West Bank and Gaza,PSE,2010,8913100000
"Yemen, Rep.",YEM,2010,30906749533.221
Zambia,ZMB,2010,20265556273.582
Zimbabwe,ZWE,2010,12041655200
Afghanistan,AFG,2011,17804292964.1045
Albania,ALB,2011,12890866742.6533
Algeria,DZA,2011,200019057307.655
American Samoa,ASM,2011,574000000
Andorra,AND,2011,3442062830.13622
Angola,AGO,2011,111789686464.26
Antigua and Barbuda,ATG,2011,1142042915.55556
Argentina,ARG,2011,530163281574.658
Armenia,ARM,2011,10142111334.4961
Aruba,ABW,2011,2549720670.39106
Australia,AUS,2011,1394280784777.68
Austria,AUT,2011,431120310088.82
Azerbaijan,AZE,2011,65951627200.2026
"Bahamas, The",BHS,2011,10070450000
Bahrain,BHR,2011,28776595744.6809
Bangladesh,BGD,2011,128637938711.386
Barbados,BRB,2011,4660900000
Belarus,BLR,2011,61757788944.7236
Belgium,BEL,2011,527008453886.929
Belize,BLZ,2011,1486595750
Benin,BEN,2011,7814081155.64988
Bermuda,BMU,2011,5550771000
Bhutan,BTN,2011,1820207625.80217
Bolivia,BOL,2011,23963162983.7987
Bosnia and Herzegovina,BIH,2011,18644723860.9709
Botswana,BWA,2011,15351972226.5024
Brazil,BRA,2011,2616201578192.25
British Virgin Islands,VGB,2011,NA
Brunei Darussalam,BRN,2011,18525319977.7407
Bulgaria,BGR,2011,57418414504.0882
Burkina Faso,BFA,2011,10724063457.8326
Burundi,BDI,2011,2235820867.82743
Cabo Verde,CPV,2011,1864824080.69256
Cambodia,KHM,2011,12829541141.0127
Cameroon,CMR,2011,29337006833.0825
Canada,CAN,2011,1788647906047.76
Cayman Islands,CYM,2011,NA
Central African Republic,CAF,2011,2195599556.73866
Chad,TCD,2011,12156380425.0825
Channel Islands,CHI,2011,NA
Chile,CHL,2011,252251992029.442
China,CHN,2011,7572553836875.34
Colombia,COL,2011,334454039093.586
Comoros,COM,2011,1021746833.42573
"Congo, Dem. Rep.",COD,2011,25839749198.8233
"Congo, Rep.",COG,2011,14425607179.6639
Costa Rica,CRI,2011,42262697840.4212
Cote d'Ivoire,CIV,2011,25381616734.0693
Croatia,HRV,2011,62404149309.6847
Cuba,CUB,2011,68990000000
Curacao,CUW,2011,NA
Cyprus,CYP,2011,27426994717.8204
Czech Republic,CZE,2011,227948349666.354
Denmark,DNK,2011,344003209695.606
Djibouti,DJI,2011,1239144501.77525
Dominica,DMA,2011,501025296.296296
Dominican Republic,DOM,2011,57811180659.4545
Ecuador,ECU,2011,79276664000
"Egypt, Arab Rep.",EGY,2011,236001858960.015
El Salvador,SLV,2011,20283783700
Equatorial Guinea,GNQ,2011,21329395900.871
Eritrea,ERI,2011,2607739837.39837
Estonia,EST,2011,23170239900.7654
Eswatini,SWZ,2011,4820499924.2539
Ethiopia,ETH,2011,31952763089.33
Faroe Islands,FRO,2011,2468754074.54319
Fiji,FJI,2011,3774530615.65916
Finland,FIN,2011,273674236772.815
France,FRA,2011,2861408170264.61
French Polynesia,PYF,2011,NA
Gabon,GAB,2011,18186478119.9582
"Gambia, The",GMB,2011,898290989.936018
Georgia,GEO,2011,14434619972.4072
Germany,DEU,2011,3757698281117.55
Ghana,GHA,2011,39566292432.8615
Gibraltar,GIB,2011,NA
Greece,GRC,2011,287797822093.178
Greenland,GRL,2011,2684467375.71479
Grenada,GRD,2011,778655925.925926
Guam,GUM,2011,4928000000
Guatemala,GTM,2011,47654783850.6388
Guinea,GIN,2011,6785137222.16956
Guinea-Bissau,GNB,2011,1098379391.95039
Guyana,GUY,2011,2576024015.5869
Haiti,HTI,2011,7516834160.25277
Honduras,HND,2011,17710315005.9999
"Hong Kong SAR, China",HKG,2011,248513617677.287
Hungary,HUN,2011,140782064609.187
Iceland,ISL,2011,14732689534.5966
India,IND,2011,1823049927771.46
Indonesia,IDN,2011,892969107923.097
"Iran, Islamic Rep.",IRN,2011,583500357530.414
Iraq,IRQ,2011,185749664444.444
Ireland,IRL,2011,239018536581.675
Isle of Man,IMN,2011,6566098381.6696
Israel,ISR,2011,261628548084.179
Italy,ITA,2011,2276292404600.52
Jamaica,JAM,2011,14413359665.4275
Japan,JPN,2011,6157459594823.72
Jordan,JOR,2011,28840263380.2817
Kazakhstan,KAZ,2011,192626507971.584
Kenya,KEN,2011,41953433591.4101
Kiribati,KIR,2011,181705002.578649
"Korea, Dem. People’s Rep.",PRK,2011,NA
"Korea, Rep.",KOR,2011,1202463682633.85
Kosovo,XKX,2011,6691826522.10175
Kuwait,KWT,2011,154027536231.884
Kyrgyz Republic,KGZ,2011,6197766118.59856
Lao PDR,LAO,2011,8749241114.18913
Latvia,LVA,2011,28223552824.7508
Lebanon,LBN,2011,40075674163.2504
Lesotho,LSO,2011,2787951879.23236
Liberia,LBR,2011,2398000000
Libya,LBY,2011,34699395523.6073
Liechtenstein,LIE,2011,5739977477.47748
Lithuania,LTU,2011,43476873412.803
Luxembourg,LUX,2011,60004630234.4135
"Macao SAR, China",MAC,2011,36709860068.3445
Madagascar,MDG,2011,9892702357.56691
Malawi,MWI,2011,8004000737.30717
Malaysia,MYS,2011,297951960784.314
Maldives,MDV,2011,2774351760.03287
Mali,MLI,2011,12978107560.5982
Malta,MLT,2011,9505636641.64581
Marshall Islands,MHL,2011,173260300
Mauritania,MRT,2011,5166341003.05814
Mauritius,MUS,2011,11518393367.2403
Mexico,MEX,2011,1180489601957.61
"Micronesia, Fed. Sts.",FSM,2011,310502100
Moldova,MDA,2011,7015206498.21955
Monaco,MCO,2011,6080344731.72088
Mongolia,MNG,2011,10409797649.3063
Montenegro,MNE,2011,4538198498.74896
Morocco,MAR,2011,101370474295.109
Mozambique,MOZ,2011,13131168011.807
Myanmar,MMR,2011,59977326085.9908
Namibia,NAM,2011,12409629835.6998
Nauru,NRU,2011,72751801.046087
Nepal,NPL,2011,18913574370.76
Netherlands,NLD,2011,893757287201.688
New Caledonia,NCL,2011,NA
New Zealand,NZL,2011,168461998741.295
Nicaragua,NIC,2011,9774316692.15985
Niger,NER,2011,6409184724.22579
Nigeria,NGA,2011,410334579160.59
North Macedonia,MKD,2011,10494632699.3859
Northern Mariana Islands,MNP,2011,733000000
Norway,NOR,2011,498831558925.86
Oman,OMN,2011,67937581274.3823
Pakistan,PAK,2011,213587413183.996
Palau,PLW,2011,193235600
Panama,PAN,2011,34686224300
Papua New Guinea,PNG,2011,17984816533.1084
Paraguay,PRY,2011,33715524703.9288
Peru,PER,2011,171761737046.585
Philippines,PHL,2011,224143083706.777
Poland,POL,2011,528725113045.826
Portugal,PRT,2011,244895101712.451
Puerto Rico,PRI,2011,100351700000
Qatar,QAT,2011,167775274725.275
Romania,ROU,2011,183443154234.731
Russian Federation,RUS,2011,2051661732059.47
Rwanda,RWA,2011,6563320570.40862
Samoa,WSM,2011,739785121.889922
San Marino,SMR,2011,2054489852.65499
Sao Tome and Principe,STP,2011,233213522.645348
Saudi Arabia,SAU,2011,671238840106.667
Senegal,SEN,2011,17878780184.8872
Serbia,SRB,2011,46466728666.6103
Seychelles,SYC,2011,1065826669.89742
Sierra Leone,SLE,2011,2942546781.04548
Singapore,SGP,2011,275966926379.393
Sint Maarten (Dutch part),SXM,2011,NA
Slovak Republic,SVK,2011,98181259740.0919
Slovenia,SVN,2011,51290792018.1074
Solomon Islands,SLB,2011,932725583.343148
Somalia,SOM,2011,NA
South Africa,ZAF,2011,416418874939.232
South Sudan,SSD,2011,17273335563.7337
Spain,ESP,2011,1488067258325.2
Sri Lanka,LKA,2011,65292753005.7475
St. Kitts and Nevis,KNA,2011,818728133.003704
St. Lucia,LCA,2011,1438006888.88889
St. Martin (French part),MAF,2011,NA
St. Vincent and the Grenadines,VCT,2011,676129407.407407
Sudan,SDN,2011,67327289319.733
Suriname,SUR,2011,4422646203.75187
Sweden,SWE,2011,563109663291.177
Switzerland,CHE,2011,699579638638.226
Syrian Arab Republic,SYR,2011,NA
Tajikistan,TJK,2011,6522732202.50748
Tanzania,TZA,2011,33877905103.8715
Thailand,THA,2011,370818747396.833
Timor-Leste,TLS,2011,5681900000
Togo,TGO,2011,3867391618.08827
Tonga,TON,2011,423011844.331641
Trinidad and Tobago,TTO,2011,25366520906.9264
Tunisia,TUN,2011,45810626509.4474
Turkey,TUR,2011,832523582089.552
Turkmenistan,TKM,2011,29233333333.3333
Turks and Caicos Islands,TCA,2011,NA
Tuvalu,TUV,2011,38711827.7537311
Uganda,UGA,2011,20176025256.9153
Ukraine,UKR,2011,163159671670.265
United Arab Emirates,ARE,2011,350666031313.819
United Kingdom,GBR,2011,2619700404733.37
United States,USA,2011,15517926000000
Uruguay,URY,2011,47962439303.7247
Uzbekistan,UZB,2011,45915191189.3237
Vanuatu,VUT,2011,792149700.679116
"Venezuela, RB",VEN,2011,316482190800.364
Vietnam,VNM,2011,135539438559.709
Virgin Islands (U.S.),VIR,2011,4239000000
West Bank and Gaza,PSE,2011,10465400000
"Yemen, Rep.",YEM,2011,32726417878.391
Zambia,ZMB,2011,23460098339.7453
Zimbabwe,ZWE,2011,14101920300
Afghanistan,AFG,2012,19907317065.6667
Albania,ALB,2012,12319784886.2038
Algeria,DZA,2012,209058991952.125
American Samoa,ASM,2012,644000000
Andorra,AND,2012,3164615186.94591
Angola,AGO,2012,128052853643.447
Antigua and Barbuda,ATG,2012,1211411704.44444
Argentina,ARG,2012,545982375701.128
Armenia,ARM,2012,10619320048.5857
Aruba,ABW,2012,2534636871.50838
Australia,AUS,2012,1543411012579.91
Austria,AUT,2012,409425234155.263
Azerbaijan,AZE,2012,69683935845.2138
"Bahamas, The",BHS,2012,10720500000
Bahrain,BHR,2012,30749308510.6383
Bangladesh,BGD,2012,133355749482.478
Barbados,BRB,2012,4656350000
Belarus,BLR,2012,65685102554.8759
Belgium,BEL,2012,497884216568.867
Belize,BLZ,2012,1563827850
Benin,BEN,2012,8152554487.31321
Bermuda,BMU,2012,5537537000
Bhutan,BTN,2012,1823692109.61652
Bolivia,BOL,2012,27084497539.7974
Bosnia and Herzegovina,BIH,2012,17226849297.07
Botswana,BWA,2012,14420393568.8596
Brazil,BRA,2012,2465188674415.03
British Virgin Islands,VGB,2012,NA
Brunei Darussalam,BRN,2012,19048495518.5659
Bulgaria,BGR,2012,53903022339.0276
Burkina Faso,BFA,2012,11166063466.5623
Burundi,BDI,2012,2333308099.46249
Cabo Verde,CPV,2012,1751888561.72747
Cambodia,KHM,2012,14054443213.4639
Cameroon,CMR,2012,29104437355.0395
Canada,CAN,2012,1824288757447.57
Cayman Islands,CYM,2012,NA
Central African Republic,CAF,2012,2169706564.05899
Chad,TCD,2012,12368071038.7362
Channel Islands,CHI,2012,NA
Chile,CHL,2012,267122320056.702
China,CHN,2012,8560547314679.28
Colombia,COL,2012,370574421703.06
Comoros,COM,2012,1015901205.42028
"Congo, Dem. Rep.",COD,2012,29306235826.3886
"Congo, Rep.",COG,2012,13677930123.5919
Costa Rica,CRI,2012,46473128285.4629
Cote d'Ivoire,CIV,2012,26790579775.295
Croatia,HRV,2012,56548374546.3441
Cuba,CUB,2012,73141000000
Curacao,CUW,2012,NA
Cyprus,CYP,2012,25041397918.5404
Czech Republic,CZE,2012,207376427020.815
Denmark,DNK,2012,327148899962.146
Djibouti,DJI,2012,1353632941.5207
Dominica,DMA,2012,485998000
Dominican Republic,DOM,2012,60657780260.6792
Ecuador,ECU,2012,87924544000
"Egypt, Arab Rep.",EGY,2012,279372758361.832
El Salvador,SLV,2012,21386153000
Equatorial Guinea,GNQ,2012,22389626329.3369
Eritrea,ERI,2012,NA
Estonia,EST,2012,23043864510.0543
Eswatini,SWZ,2012,4823831656.51644
Ethiopia,ETH,2012,43310721414.0829
Faroe Islands,FRO,2012,2356495468.27795
Fiji,FJI,2012,3972012570.53467
Finland,FIN,2012,256706466091.089
France,FRA,2012,2683825225092.63
French Polynesia,PYF,2012,NA
Gabon,GAB,2012,17171447372.3334
"Gambia, The",GMB,2012,910026155.731035
Georgia,GEO,2012,15846474597.7447
Germany,DEU,2012,3543983909148.01
Ghana,GHA,2012,41939728978.7281
Gibraltar,GIB,2012,NA
Greece,GRC,2012,245670666639.047
Greenland,GRL,2012,2609667673.71601
Grenada,GRD,2012,799882259.259259
Guam,GUM,2012,5199000000
Guatemala,GTM,2012,50388460920.182
Guinea,GIN,2012,7638045248.45942
Guinea-Bissau,GNB,2012,989327811.785114
Guyana,GUY,2012,2861560060.9322
Haiti,HTI,2012,7890216507.68913
Honduras,HND,2012,18528601901.324
"Hong Kong SAR, China",HKG,2012,262629441493.476
Hungary,HUN,2012,127856647107.82
Iceland,ISL,2012,14292008745.4017
India,IND,2012,1827637859135.7
Indonesia,IDN,2012,917869910105.748
"Iran, Islamic Rep.",IRN,2012,598853401276.101
Iraq,IRQ,2012,218000986222.639
Ireland,IRL,2012,225571853194.348
Isle of Man,IMN,2012,6433357030.0158005
Israel,ISR,2012,257296579579.346
Italy,ITA,2012,2072823157059.76
Jamaica,JAM,2012,14798716216.2162
Japan,JPN,2012,6203213121334.12
Jordan,JOR,2012,30937277605.6338
Kazakhstan,KAZ,2012,207998568865.789
Kenya,KEN,2012,50412754861.0191
Kiribati,KIR,2012,190243321.598675
"Korea, Dem. People’s Rep.",PRK,2012,NA
"Korea, Rep.",KOR,2012,1222807284485.31
Kosovo,XKX,2012,6499935757.42002
Kuwait,KWT,2012,174070025008.932
Kyrgyz Republic,KGZ,2012,6605139933.41063
Lao PDR,LAO,2012,10191350119.6808
Latvia,LVA,2012,28119996053.2511
Lebanon,LBN,2012,44047334183.8806
Lesotho,LSO,2012,2678475775.1495
Liberia,LBR,2012,2721000000
Libya,LBY,2012,81873662518.8238
Liechtenstein,LIE,2012,5456009384.66461
Lithuania,LTU,2012,42848195256.2142
Luxembourg,LUX,2012,56677961787.0717
"Macao SAR, China",MAC,2012,43031577366.4251
Madagascar,MDG,2012,9919780071.28764
Malawi,MWI,2012,6028487928.83351
Malaysia,MYS,2012,314443149443.149
Maldives,MDV,2012,2886170571.69634
Mali,MLI,2012,12442747897.2223
Malta,MLT,2012,9205742001.79879
Marshall Islands,MHL,2012,185210500
Mauritania,MRT,2012,5231255478.38986
Mauritius,MUS,2012,11668685524.1265
Mexico,MEX,2012,1201089987015.45
"Micronesia, Fed. Sts.",FSM,2012,326128700
Moldova,MDA,2012,7284686576.2835
Monaco,MCO,2012,5743029680.07195
Mongolia,MNG,2012,12292770631.1967
Montenegro,MNE,2012,4087724527.81704
Morocco,MAR,2012,98266306615.3632
Mozambique,MOZ,2012,14534278439.5973
Myanmar,MMR,2012,59937797559.3295
Namibia,NAM,2012,13016272898.9038
Nauru,NRU,2012,103811958.762887
Nepal,NPL,2012,18851513891.066
Netherlands,NLD,2012,828946812396.788
New Caledonia,NCL,2012,NA
New Zealand,NZL,2012,176192886551.397
Nicaragua,NIC,2012,10532001129.67
Niger,NER,2012,6942258305.19085
Nigeria,NGA,2012,459376049763.819
North Macedonia,MKD,2012,9745251126.0109
Northern Mariana Islands,MNP,2012,751000000
Norway,NOR,2012,510229136226.902
Oman,OMN,2012,76689206762.0286
Pakistan,PAK,2012,224383620829.57
Palau,PLW,2012,214648500
Panama,PAN,2012,40429734400
Papua New Guinea,PNG,2012,21295834133.2309
Paraguay,PRY,2012,33283228891.0923
Peru,PER,2012,192648999090.082
Philippines,PHL,2012,250092092998.143
Poland,POL,2012,500284003684.372
Portugal,PRT,2012,216368178659.447
Puerto Rico,PRI,2012,101564800000
Qatar,QAT,2012,186833516483.516
Romania,ROU,2012,171196268957.961
Russian Federation,RUS,2012,2210256976944.74
Rwanda,RWA,2012,7334917696.72263
Samoa,WSM,2012,801168622.338114
San Marino,SMR,2012,1800077091.09598
Sao Tome and Principe,STP,2012,252560557.083061
Saudi Arabia,SAU,2012,735974843360
Senegal,SEN,2012,17825417949.4095
Serbia,SRB,2012,40742313861.1374
Seychelles,SYC,2012,1060222480.2109
Sierra Leone,SLE,2012,3801862611.36414
Singapore,SGP,2012,290673681683.604
Sint Maarten (Dutch part),SXM,2012,NA
Slovak Republic,SVK,2012,93413992955.8972
Slovenia,SVN,2012,46352802765.5763
Solomon Islands,SLB,2012,1063879445.83424
Somalia,SOM,2012,NA
South Africa,ZAF,2012,396327875201.304
South Sudan,SSD,2012,11266779661.0169
Spain,ESP,2012,1336018949805.58
Sri Lanka,LKA,2012,68434409314.841
St. Kitts and Nevis,KNA,2012,800392821.222222
St. Lucia,LCA,2012,1436447074.07407
St. Martin (French part),MAF,2012,NA
St. Vincent and the Grenadines,VCT,2012,692933740.740741
Sudan,SDN,2012,68125631150.2939
Suriname,SUR,2012,4958566169.81474
Sweden,SWE,2012,543880647757.404
Switzerland,CHE,2012,668043614122.87
Syrian Arab Republic,SYR,2012,NA
Tajikistan,TJK,2012,7633049792.09321
Tanzania,TZA,2012,39087797979.9554
Thailand,THA,2012,397558094269.877
Timor-Leste,TLS,2012,6671000000
Togo,TGO,2012,3873529926.22723
Tonga,TON,2012,472358251.224261
Trinidad and Tobago,TTO,2012,25601811993.9704
Tunisia,TUN,2012,45044112939.3687
Turkey,TUR,2012,873982182628.062
Turkmenistan,TKM,2012,35164210526.3158
Turks and Caicos Islands,TCA,2012,NA
Tuvalu,TUV,2012,37671734.8254533
Uganda,UGA,2012,23114293416.3905
Ukraine,UKR,2012,175781379051.433
United Arab Emirates,ARE,2012,374590605854.323
United Kingdom,GBR,2012,2662085168498.93
United States,USA,2012,16155255000000
Uruguay,URY,2012,51264390116.4909
Uzbekistan,UZB,2012,51821573338.1312
Vanuatu,VUT,2012,781702874.106058
"Venezuela, RB",VEN,2012,381286237847.667
Vietnam,VNM,2012,155820001920.492
Virgin Islands (U.S.),VIR,2012,4095000000
West Bank and Gaza,PSE,2012,11279400000
"Yemen, Rep.",YEM,2012,35401339869.3055
Zambia,ZMB,2012,25503370699.2015
Zimbabwe,ZWE,2012,17114849900
Afghanistan,AFG,2013,20561069558.2152
Albania,ALB,2013,12776280961.155
Algeria,DZA,2013,209755003250.664
American Samoa,ASM,2013,641000000
Andorra,AND,2013,3281585236.32501
Angola,AGO,2013,136709862831.308
Antigua and Barbuda,ATG,2013,1192919619.25926
Argentina,ARG,2013,552025140252.246
Armenia,ARM,2013,11121465767.4067
Aruba,ABW,2013,2581564245.81006
Australia,AUS,2013,1573696522006.77
Austria,AUT,2013,430068712971.867
Azerbaijan,AZE,2013,74164435946.4627
"Bahamas, The",BHS,2013,10627600000
Bahrain,BHR,2013,32539547872.3404
Bangladesh,BGD,2013,149990451022.29
Barbados,BRB,2013,4612500000
Belarus,BLR,2013,75527984234.2342
Belgium,BEL,2013,520925468952.938
Belize,BLZ,2013,1608442150
Benin,BEN,2013,9157355679.70205
Bermuda,BMU,2013,5573710000
Bhutan,BTN,2013,1798333725.83954
Bolivia,BOL,2013,30659338929.0883
Bosnia and Herzegovina,BIH,2013,18178503835.4491
Botswana,BWA,2013,14901750764.9811
Brazil,BRA,2013,2472806919901.67
British Virgin Islands,VGB,2013,NA
Brunei Darussalam,BRN,2013,18093829923.2737
Bulgaria,BGR,2013,55555171009.772
Burkina Faso,BFA,2013,11947176341.9966
Burundi,BDI,2013,2451625332.74584
Cabo Verde,CPV,2013,1850470042.43281
Cambodia,KHM,2013,15227991395.2201
Cameroon,CMR,2013,32348149947.3727
Canada,CAN,2013,1842628005830.18
Cayman Islands,CYM,2013,NA
Central African Republic,CAF,2013,1518565298.35641
Chad,TCD,2013,12949854262.8127
Channel Islands,CHI,2013,NA
Chile,CHL,2013,278384332694.359
China,CHN,2013,9607224481532.65
Colombia,COL,2013,381866608838.8
Comoros,COM,2013,1115906341.77727
"Congo, Dem. Rep.",COD,2013,32679745297.6453
"Congo, Rep.",COG,2013,14085851348.069
Costa Rica,CRI,2013,49745088111.6217
Cote d'Ivoire,CIV,2013,31273049200.243
Croatia,HRV,2013,58147688052.2904
Cuba,CUB,2013,77148000000
Curacao,CUW,2013,NA
Cyprus,CYP,2013,24084559214.0202
Czech Republic,CZE,2013,209402444996.104
Denmark,DNK,2013,343584385594.132
Djibouti,DJI,2013,1324733711.82922
Dominica,DMA,2013,501979148.148148
Dominican Republic,DOM,2013,62661773591.7203
Ecuador,ECU,2013,95129659000
"Egypt, Arab Rep.",EGY,2013,288586231501.877
El Salvador,SLV,2013,21977401900
Equatorial Guinea,GNQ,2013,21942597765.3631
Eritrea,ERI,2013,NA
Estonia,EST,2013,25137153149.4377
Eswatini,SWZ,2013,4560713073.91948
Ethiopia,ETH,2013,47648211133.2183
Faroe Islands,FRO,2013,2613464380.46401
Fiji,FJI,2013,4190143206.25611
Finland,FIN,2013,269980111642.898
France,FRA,2013,2811077725703.59
French Polynesia,PYF,2013,NA
Gabon,GAB,2013,17590745162.1326
"Gambia, The",GMB,2013,1367041584.96392
Georgia,GEO,2013,16140047041.6347
Germany,DEU,2013,3752513503278.41
Ghana,GHA,2013,63277216928.5093
Gibraltar,GIB,2013,NA
Greece,GRC,2013,239862011450.103
Greenland,GRL,2013,2669515517.33348
Grenada,GRD,2013,842620111.111111
Guam,GUM,2013,5336000000
Guatemala,GTM,2013,53851148431.932
Guinea,GIN,2013,8376613796.93426
Guinea-Bissau,GNB,2013,1045790132.98518
Guyana,GUY,2013,2987684143.46656
Haiti,HTI,2013,8452509315.87722
Honduras,HND,2013,18499710127.8385
"Hong Kong SAR, China",HKG,2013,275696879834.966
Hungary,HUN,2013,135215704418.963
Iceland,ISL,2013,15548321544.3776
India,IND,2013,1856722121394.53
Indonesia,IDN,2013,912524136718.019
"Iran, Islamic Rep.",IRN,2013,467414852231.299
Iraq,IRQ,2013,234648370497.427
Ireland,IRL,2013,239389340720.488
Isle of Man,IMN,2013,6754330154.76004
Israel,ISR,2013,292489185194.417
Italy,ITA,2013,2130491320658.68
Jamaica,JAM,2013,14193012191.4957
Japan,JPN,2013,5155717056270.83
Jordan,JOR,2013,33593843661.9718
Kazakhstan,KAZ,2013,236634552078.102
Kenya,KEN,2013,55096728047.9408
Kiribati,KIR,2013,185113921.606488
"Korea, Dem. People’s Rep.",PRK,2013,NA
"Korea, Rep.",KOR,2013,1305604981271.91
Kosovo,XKX,2013,7071959638.87414
Kuwait,KWT,2013,174161142454.161
Kyrgyz Republic,KGZ,2013,7335027591.91628
Lao PDR,LAO,2013,11942230508.334
Latvia,LVA,2013,30254677296.9181
Lebanon,LBN,2013,46471385850.1493
Lesotho,LSO,2013,2526009059.18717
Liberia,LBR,2013,3067000000
Libya,LBY,2013,65502870173.7831
Liechtenstein,LIE,2013,6391735893.83968
Lithuania,LTU,2013,46417340374.5203
Luxembourg,LUX,2013,61739352212.3049
"Macao SAR, China",MAC,2013,51552075901.5183
Madagascar,MDG,2013,10601690871.7611
Malawi,MWI,2013,5518880768.57955
Malaysia,MYS,2013,323277158906.979
Maldives,MDV,2013,3295011381.75405
Mali,MLI,2013,13246412031.4145
Malta,MLT,2013,10146688738.6529
Marshall Islands,MHL,2013,190800800
Mauritania,MRT,2013,5724227185.17784
Mauritius,MUS,2013,12129642296.4425
Mexico,MEX,2013,1274443084716.57
"Micronesia, Fed. Sts.",FSM,2013,316040600
Moldova,MDA,2013,7985387151.61916
Monaco,MCO,2013,6553372278.27934
Mongolia,MNG,2013,12582122604.1921
Montenegro,MNE,2013,4464261816.25066
Morocco,MAR,2013,106825649872.108
Mozambique,MOZ,2013,16018848993.9909
Myanmar,MMR,2013,60269734044.526
Namibia,NAM,2013,12717790504.5002
Nauru,NRU,2013,108601538.461538
Nepal,NPL,2013,19271168018.482
Netherlands,NLD,2013,866680000367.264
New Caledonia,NCL,2013,NA
New Zealand,NZL,2013,190785204763.525
Nicaragua,NIC,2013,10982972256.3787
Niger,NER,2013,7667952566.39877
Nigeria,NGA,2013,514966287334.443
North Macedonia,MKD,2013,10817712138.9451
Northern Mariana Islands,MNP,2013,782000000
Norway,NOR,2013,523502127659.574
Oman,OMN,2013,78784395318.5956
Pakistan,PAK,2013,231218567178.979
Palau,PLW,2013,225345700
Panama,PAN,2013,45599994000
Papua New Guinea,PNG,2013,21261305413.2323
Paraguay,PRY,2013,38585317742.981
Peru,PER,2013,201217661645.509
Philippines,PHL,2013,271836123723.678
Poland,POL,2013,524201151607.188
Portugal,PRT,2013,226073492966.495
Puerto Rico,PRI,2013,102450000000
Qatar,QAT,2013,198727747252.747
Romania,ROU,2013,190949066979.176
Russian Federation,RUS,2013,2297128039058.16
Rwanda,RWA,2013,7621923307.70325
Samoa,WSM,2013,804808525.537223
San Marino,SMR,2013,1865374402.54912
Sao Tome and Principe,STP,2013,302924711.436314
Saudi Arabia,SAU,2013,746647127413.333
Senegal,SEN,2013,18960182371.4679
Serbia,SRB,2013,45519650911.4138
Seychelles,SYC,2013,1328158359.63061
Sierra Leone,SLE,2013,4920343194.99339
Singapore,SGP,2013,304454327499.401
Sint Maarten (Dutch part),SXM,2013,NA
Slovak Republic,SVK,2013,98478349315.3252
Slovenia,SVN,2013,48116256926.0807
Solomon Islands,SLB,2013,1129787198.20326
Somalia,SOM,2013,6481000000
South Africa,ZAF,2013,366643223164.004
South Sudan,SSD,2013,14940338983.0508
Spain,ESP,2013,1361854206549.39
Sri Lanka,LKA,2013,74317806538.3789
St. Kitts and Nevis,KNA,2013,849496203.911111
St. Lucia,LCA,2013,1469795740.74074
St. Martin (French part),MAF,2013,NA
St. Vincent and the Grenadines,VCT,2013,721208998.225378
Sudan,SDN,2013,72065940085.7719
Suriname,SUR,2013,5149556633.8135
Sweden,SWE,2013,578742001487.571
Switzerland,CHE,2013,688504173431.454
Syrian Arab Republic,SYR,2013,NA
Tajikistan,TJK,2013,8506045086.26842
Tanzania,TZA,2013,44413614439.1527
Thailand,THA,2013,420333333333.333
Timor-Leste,TLS,2013,5649800000
Togo,TGO,2013,4320427495.74933
Tonga,TON,2013,450686353.674011
Trinidad and Tobago,TTO,2013,26578524198.305
Tunisia,TUN,2013,46251061734.4741
Turkey,TUR,2013,950579367580.628
Turkmenistan,TKM,2013,39197543859.6491
Turks and Caicos Islands,TCA,2013,NA
Tuvalu,TUV,2013,37509122.0727128
Uganda,UGA,2013,24599550623.7254
Ukraine,UKR,2013,183310146378.081
United Arab Emirates,ARE,2013,390107556160.654
United Kingdom,GBR,2013,2739818680930.19
United States,USA,2013,16691517000000
Uruguay,URY,2013,57531233350.9101
Uzbekistan,UZB,2013,57690453460.6205
Vanuatu,VUT,2013,801787555.861121
"Venezuela, RB",VEN,2013,371005379786.566
Vietnam,VNM,2013,171222025117.381
Virgin Islands (U.S.),VIR,2013,3762000000
West Bank and Gaza,PSE,2013,12476000000
"Yemen, Rep.",YEM,2013,40415233436.1767
Zambia,ZMB,2013,28045460442.1876
Zimbabwe,ZWE,2013,19091020000
Afghanistan,AFG,2014,20484885119.7348
Albania,ALB,2014,13228247844.1247
Algeria,DZA,2014,213810022462.428
American Samoa,ASM,2014,643000000
Andorra,AND,2014,3350736367.25488
Angola,AGO,2014,145712200312.505
Antigua and Barbuda,ATG,2014,1275576784.44444
Argentina,ARG,2014,526319673731.638
Armenia,ARM,2014,11609512939.7543
Aruba,ABW,2014,2649720670.39106
Australia,AUS,2014,1464955475993.76
Austria,AUT,2014,441885415805.825
Azerbaijan,AZE,2014,75244294275.1498
"Bahamas, The",BHS,2014,10957300000
Bahrain,BHR,2014,33387712765.9575
Bangladesh,BGD,2014,172885454931.453
Barbados,BRB,2014,4608350000
Belarus,BLR,2014,78813839984.3506
Belgium,BEL,2014,530770977633.615
Belize,BLZ,2014,1692955750
Benin,BEN,2014,9707432015.61441
Bermuda,BMU,2014,NA
Bhutan,BTN,2014,1958819095.68324
Bolivia,BOL,2014,32996187988.4226
Bosnia and Herzegovina,BIH,2014,18558343508.3435
Botswana,BWA,2014,16250750259.0212
Brazil,BRA,2014,2455993625159.37
British Virgin Islands,VGB,2014,NA
Brunei Darussalam,BRN,2014,17098342541.4365
Bulgaria,BGR,2014,56814543481.2102
Burkina Faso,BFA,2014,12377391462.6377
Burundi,BDI,2014,2705783272.07443
Cabo Verde,CPV,2014,1859898513.26858
Cambodia,KHM,2014,16702610842.4025
Cameroon,CMR,2014,34942948737.3967
Canada,CAN,2014,1799268695861.8
Cayman Islands,CYM,2014,NA
Central African Republic,CAF,2014,1702899386.14322
Chad,TCD,2014,13922223233.5184
Channel Islands,CHI,2014,NA
Chile,CHL,2014,260584090570.988
China,CHN,2014,10482372109961.9
Colombia,COL,2014,381112119657.445
Comoros,COM,2014,1148058015.47633
"Congo, Dem. Rep.",COD,2014,35909040265.9328
"Congo, Rep.",COG,2014,14177437982.2619
Costa Rica,CRI,2014,50577769837.691
Cote d'Ivoire,CIV,2014,35343298113.5131
Croatia,HRV,2014,57671307486.8132
Cuba,CUB,2014,80656000000
Curacao,CUW,2014,NA
Cyprus,CYP,2014,23364707443.2798
Czech Republic,CZE,2014,207818330723.835
Denmark,DNK,2014,352993633221.281
Djibouti,DJI,2014,1455035088.74594
Dominica,DMA,2014,523540777.777778
Dominican Republic,DOM,2014,66065015410.0468
Ecuador,ECU,2014,101726331000
"Egypt, Arab Rep.",EGY,2014,305529656458.438
El Salvador,SLV,2014,22585841200
Equatorial Guinea,GNQ,2014,21736500712.9638
Eritrea,ERI,2014,NA
Estonia,EST,2014,26224622450.8302
Eswatini,SWZ,2014,4377293816.28535
Ethiopia,ETH,2014,55612228233.5179
Faroe Islands,FRO,2014,2810547884.18708
Fiji,FJI,2014,4483416339.93854
Finland,FIN,2014,272609288689.575
France,FRA,2014,2852165760630.27
French Polynesia,PYF,2014,NA
Gabon,GAB,2014,18179752009.7489
"Gambia, The",GMB,2014,1259063629.83287
Georgia,GEO,2014,16509305828.9648
Germany,DEU,2014,3890606893346.69
Ghana,GHA,2014,53601126663.9079
Gibraltar,GIB,2014,NA
Greece,GRC,2014,237029579260.722
Greenland,GRL,2014,2837737193.76392
Grenada,GRD,2014,911497407.407407
Guam,GUM,2014,5538000000
Guatemala,GTM,2014,58722323918.1604
Guinea,GIN,2014,8778473640.90839
Guinea-Bissau,GNB,2014,1053512334.17271
Guyana,GUY,2014,3077643261.39312
Haiti,HTI,2014,8776350789.5993
Honduras,HND,2014,19756494434.7031
"Hong Kong SAR, China",HKG,2014,291459356985.337
Hungary,HUN,2014,140118140454.711
Iceland,ISL,2014,17304033020.5364
India,IND,2014,2039127446298.55
Indonesia,IDN,2014,890814755233.225
"Iran, Islamic Rep.",IRN,2014,434474616831.914
Iraq,IRQ,2014,234648370497.427
Ireland,IRL,2014,258099014042.117
Isle of Man,IMN,2014,7428280401.5139
Israel,ISR,2014,308416982140.362
Italy,ITA,2014,2151732868243.21
Jamaica,JAM,2014,13852192273.1357
Japan,JPN,2014,4850413536037.84
Jordan,JOR,2014,35826925774.6479
Kazakhstan,KAZ,2014,221415572819.5
Kenya,KEN,2014,61448041564.0191
Kiribati,KIR,2014,179703443.302686
"Korea, Dem. People’s Rep.",PRK,2014,NA
"Korea, Rep.",KOR,2014,1411333926201.24
Kosovo,XKX,2014,7386891336.07536
Kuwait,KWT,2014,162631412508.784
Kyrgyz Republic,KGZ,2014,7468096566.71158
Lao PDR,LAO,2014,13268458231.9284
Latvia,LVA,2014,31335013751.5424
Lebanon,LBN,2014,48524603055.257
Lesotho,LSO,2014,2614566294.19462
Liberia,LBR,2014,3144000000
Libya,LBY,2014,41142722414.3351
Liechtenstein,LIE,2014,6657170923.37918
Lithuania,LTU,2014,48516371720.8346
Luxembourg,LUX,2014,66327344188.889
"Macao SAR, China",MAC,2014,55347998647.8196
Madagascar,MDG,2014,10673516672.6664
Malawi,MWI,2014,6047813437.31804
Malaysia,MYS,2014,338061963396.376
Maldives,MDV,2014,3697351596.83753
Mali,MLI,2014,14345828992.0411
Malta,MLT,2014,11216758081.9535
Marshall Islands,MHL,2014,183121300
Mauritania,MRT,2014,5391475277.24326
Mauritius,MUS,2014,12803445933.5894
Mexico,MEX,2014,1314563967425.24
"Micronesia, Fed. Sts.",FSM,2014,317999400
Moldova,MDA,2014,7983241044.20189
Monaco,MCO,2014,7060236168.2367
Mongolia,MNG,2014,12226514722.0861
Montenegro,MNE,2014,4587926230.59573
Morocco,MAR,2014,110081248587.369
Mozambique,MOZ,2014,16961117243.491
Myanmar,MMR,2014,65446199787.8425
Namibia,NAM,2014,12786078008.2376
Nauru,NRU,2014,117020381.931693
Nepal,NPL,2014,20002968837.9471
Netherlands,NLD,2014,879635084124.987
New Caledonia,NCL,2014,NA
New Zealand,NZL,2014,200955119873.905
Nicaragua,NIC,2014,11880438824.4494
Niger,NER,2014,8229731383.7693
Nigeria,NGA,2014,568498937615.594
North Macedonia,MKD,2014,11362272837.8818
Northern Mariana Islands,MNP,2014,845000000
Norway,NOR,2014,499338534779.159
Oman,OMN,2014,81076723016.9051
Pakistan,PAK,2014,244360888750.807
Palau,PLW,2014,245675100
Panama,PAN,2014,49921464365.3204
Papua New Guinea,PNG,2014,23060047127.6509
Paraguay,PRY,2014,40276532540.8812
Peru,PER,2014,201080662205.002
Philippines,PHL,2014,284584522898.872
Poland,POL,2014,545285410921.999
Portugal,PRT,2014,229629822121.601
Puerto Rico,PRI,2014,102445800000
Qatar,QAT,2014,206224725274.725
Romania,ROU,2014,199626806401.529
Russian Federation,RUS,2014,2063662665172.51
Rwanda,RWA,2014,8016591927.65923
Samoa,WSM,2014,805162571.787264
San Marino,SMR,2014,1788510017.24824
Sao Tome and Principe,STP,2014,348941715.374951
Saudi Arabia,SAU,2014,756350347333.334
Senegal,SEN,2014,19770919167.0965
Serbia,SRB,2014,44210806365.6817
Seychelles,SYC,2014,1343010475.37046
Sierra Leone,SLE,2014,5015157815.73406
Singapore,SGP,2014,311539499644.858
Sint Maarten (Dutch part),SXM,2014,NA
Slovak Republic,SVK,2014,100948236941.182
Slovenia,SVN,2014,49904928335.3069
Solomon Islands,SLB,2014,1172268300.95047
Somalia,SOM,2014,6562001351.4788
South Africa,ZAF,2014,350636208163.772
South Sudan,SSD,2014,15099661016.9492
Spain,ESP,2014,1376910811040.88
Sri Lanka,LKA,2014,79356449840.8881
St. Kitts and Nevis,KNA,2014,916857359.52963
St. Lucia,LCA,2014,1516576962.96296
St. Martin (French part),MAF,2014,NA
St. Vincent and the Grenadines,VCT,2014,727714407.111622
Sudan,SDN,2014,82151588418.8325
Suriname,SUR,2014,5235212205.60635
Sweden,SWE,2014,573817719109.402
Switzerland,CHE,2014,709182559935.301
Syrian Arab Republic,SYR,2014,NA
Tajikistan,TJK,2014,9236309138.04277
Tanzania,TZA,2014,48219739330.6593
Thailand,THA,2014,407339361695.577
Timor-Leste,TLS,2014,4045400000
Togo,TGO,2014,4568900619.92456
Tonga,TON,2014,443911052.254042
Trinidad and Tobago,TTO,2014,27200280855.0476
Tunisia,TUN,2014,47632326088.237
Turkey,TUR,2014,934185972127.028
Turkmenistan,TKM,2014,43524210526.3158
Turks and Caicos Islands,TCA,2014,NA
Tuvalu,TUV,2014,37290587.4998681
Uganda,UGA,2014,27291879819.3622
Ukraine,UKR,2014,133503411375.739
United Arab Emirates,ARE,2014,403137100068.073
United Kingdom,GBR,2014,3022827781881.39
United States,USA,2014,17427609000000
Uruguay,URY,2014,57236013086.1223
Uzbekistan,UZB,2014,63067077178.5381
Vanuatu,VUT,2014,814954306.971033
"Venezuela, RB",VEN,2014,482359318767.703
Vietnam,VNM,2014,186204652922.262
Virgin Islands (U.S.),VIR,2014,3622000000
West Bank and Gaza,PSE,2014,12715600000
"Yemen, Rep.",YEM,2014,43228583935.0365
Zambia,ZMB,2014,27150630607.2032
Zimbabwe,ZWE,2014,19495519600
Afghanistan,AFG,2015,19907111418.9938
Albania,ALB,2015,11386931489.7968
Algeria,DZA,2015,165979277276.907
American Samoa,ASM,2015,661000000
Andorra,AND,2015,2811489408.89431
Angola,AGO,2015,116193649124.475
Antigua and Barbuda,ATG,2015,1359194737.40741
Argentina,ARG,2015,594749285413.212
Armenia,ARM,2015,10553337672.9872
Aruba,ABW,2015,2691620111.73184
Australia,AUS,2015,1349034029453.37
Austria,AUT,2015,382065930307.978
Azerbaijan,AZE,2015,53074370486.0433
"Bahamas, The",BHS,2015,11792300000
Bahrain,BHR,2015,31125851063.8298
Bangladesh,BGD,2015,195078678697.23
Barbados,BRB,2015,4584150000
Belarus,BLR,2015,56454734396.5842
Belgium,BEL,2015,455039563132.776
Belize,BLZ,2015,1762500450
Benin,BEN,2015,8291155880.59505
Bermuda,BMU,2015,NA
Bhutan,BTN,2015,2059809919.89325
Bolivia,BOL,2015,33000198263.3864
Bosnia and Herzegovina,BIH,2015,16209702863.6235
Botswana,BWA,2015,14406496463.6055
Brazil,BRA,2015,1802214373741.32
British Virgin Islands,VGB,2015,NA
Brunei Darussalam,BRN,2015,12930394937.8137
Bulgaria,BGR,2015,50201314894.5817
Burkina Faso,BFA,2015,10419303761.3524
Burundi,BDI,2015,3104394858.11518
Cabo Verde,CPV,2015,1596800287.16405
Cambodia,KHM,2015,18049954289.4229
Cameroon,CMR,2015,30916218544.4404
Canada,CAN,2015,1559623393038.66
Cayman Islands,CYM,2015,NA
Central African Republic,CAF,2015,1583776805.96568
Chad,TCD,2015,10945989471.6286
Channel Islands,CHI,2015,NA
Chile,CHL,2015,243999477737.94
China,CHN,2015,11064666282625.5
Colombia,COL,2015,293481748240.779
Comoros,COM,2015,988150249.533688
"Congo, Dem. Rep.",COD,2015,37917704900.0794
"Congo, Rep.",COG,2015,8553154580.39951
Costa Rica,CRI,2015,54775994478.4981
Cote d'Ivoire,CIV,2015,39633467835.725
Croatia,HRV,2015,49490142433.1046
Cuba,CUB,2015,87133000000
Curacao,CUW,2015,NA
Cyprus,CYP,2015,19680625485.1946
Czech Republic,CZE,2015,186829940545.759
Denmark,DNK,2015,301298464861.385
Djibouti,DJI,2015,1633741922.68737
Dominica,DMA,2015,540830666.666667
Dominican Republic,DOM,2015,68802092020.9448
Ecuador,ECU,2015,99290381000
"Egypt, Arab Rep.",EGY,2015,332698041030.807
El Salvador,SLV,2015,23166030400
Equatorial Guinea,GNQ,2015,13180195435.1132
Eritrea,ERI,2015,NA
Estonia,EST,2015,22566956982.229
Eswatini,SWZ,2015,4020275298.02726
Ethiopia,ETH,2015,64464547915.2698
Faroe Islands,FRO,2015,2476746087.18917
Fiji,FJI,2015,4362128146.45309
Finland,FIN,2015,232464833065.554
France,FRA,2015,2438207896251.84
French Polynesia,PYF,2015,NA
Gabon,GAB,2015,14377324797.637
"Gambia, The",GMB,2015,1394149615.02468
Georgia,GEO,2015,13993546747.7492
Germany,DEU,2015,3375611100742.22
Ghana,GHA,2015,49181854798.2552
Gibraltar,GIB,2015,NA
Greece,GRC,2015,195541761243.144
Greenland,GRL,2015,2520206899.62693
Grenada,GRD,2015,997007925.925926
Guam,GUM,2015,5710000000
Guatemala,GTM,2015,63767597193.9175
Guinea,GIN,2015,8794202409.5678
Guinea-Bissau,GNB,2015,1047808175.00057
Guyana,GUY,2015,3197222215.01211
Haiti,HTI,2015,8724656126.49849
Honduras,HND,2015,20979767785.2104
"Hong Kong SAR, China",HKG,2015,309383627028.561
Hungary,HUN,2015,122879042001.915
Iceland,ISL,2015,16942247373.9704
India,IND,2015,2102390808996.69
Indonesia,IDN,2015,860854235065.079
"Iran, Islamic Rep.",IRN,2015,385874474398.59
Iraq,IRQ,2015,177498577312.923
Ireland,IRL,2015,290617008367.572
Isle of Man,IMN,2015,6792417112.29947
Israel,ISR,2015,299093839689.55
Italy,ITA,2015,1832868490534.11
Jamaica,JAM,2015,14145469269.457
Japan,JPN,2015,4394977752877.82
Jordan,JOR,2015,37517410281.6901
Kazakhstan,KAZ,2015,184388432148.715
Kenya,KEN,2015,64007751187.8874
Kiribati,KIR,2015,171117872.436331
"Korea, Dem. People’s Rep.",PRK,2015,NA
"Korea, Rep.",KOR,2015,1382764027113.82
Kosovo,XKX,2015,6440612176.999
Kuwait,KWT,2015,114567298105.683
Kyrgyz Republic,KGZ,2015,6678178340.45121
Lao PDR,LAO,2015,14390391264.2607
Latvia,LVA,2015,26972863393.6384
Lebanon,LBN,2015,49910270062.1559
Lesotho,LSO,2015,2510312804.76737
Liberia,LBR,2015,3177000000
Libya,LBY,2015,27842131486.4054
Liechtenstein,LIE,2015,6268391521.19701
Lithuania,LTU,2015,41508609232.7778
Luxembourg,LUX,2015,57784495265.4378
"Macao SAR, China",MAC,2015,45361678146.5247
Madagascar,MDG,2015,9744243531.20119
Malawi,MWI,2015,6373212640.84604
Malaysia,MYS,2015,296636282166.176
Maldives,MDV,2015,4109424801.40835
Mali,MLI,2015,13099495529.7113
Malta,MLT,2015,10554669617.5194
Marshall Islands,MHL,2015,179697900
Mauritania,MRT,2015,4844223106.95469
Mauritius,MUS,2015,11692287066.381
Mexico,MEX,2015,1170564619927.69
"Micronesia, Fed. Sts.",FSM,2015,315179700
Moldova,MDA,2015,6512885830.43282
Monaco,MCO,2015,6258178995.23123
Mongolia,MNG,2015,11749620619.5962
Montenegro,MNE,2015,4052913385.82677
Morocco,MAR,2015,101179808076.36
Mozambique,MOZ,2015,14798413628.4625
Myanmar,MMR,2015,59687410896.5734
Namibia,NAM,2015,11650656642.2655
Nauru,NRU,2015,100459782.608696
Nepal,NPL,2015,21410840908.5198
Netherlands,NLD,2015,757999453314.269
New Caledonia,NCL,2015,NA
New Zealand,NZL,2015,177620948761.31
Nicaragua,NIC,2015,12611087031.4931
Niger,NER,2015,7217667780.59665
Nigeria,NGA,2015,494583180777.234
North Macedonia,MKD,2015,10064515432.0265
Northern Mariana Islands,MNP,2015,931000000
Norway,NOR,2015,386663139402.707
Oman,OMN,2015,68905071521.4564
Pakistan,PAK,2015,270556126820.064
Palau,PLW,2015,293124000
Panama,PAN,2015,54091713775.5634
Papua New Guinea,PNG,2015,20638636035.255
Paraguay,PRY,2015,36164068797.2511
Peru,PER,2015,189926516769.25
Philippines,PHL,2015,292774099013.687
Poland,POL,2015,476970902628.578
Portugal,PRT,2015,199420256049.689
Puerto Rico,PRI,2015,103375500000
Qatar,QAT,2015,161739835164.835
Romania,ROU,2015,177893451831.141
Russian Federation,RUS,2015,1368400705490.7
Rwanda,RWA,2015,8277613193.57631
Samoa,WSM,2015,804100582.465624
San Marino,SMR,2015,1523012088.2777
Sao Tome and Principe,STP,2015,315521531.954768
Saudi Arabia,SAU,2015,654269902880
Senegal,SEN,2015,17767620058.8554
Serbia,SRB,2015,37160332465.1645
Seychelles,SYC,2015,1377492465.56086
Sierra Leone,SLE,2015,4218723875.1379
Singapore,SGP,2015,304097759674.134
Sint Maarten (Dutch part),SXM,2015,NA
Slovak Republic,SVK,2015,87501423882.4686
Slovenia,SVN,2015,43072415017.4321
Solomon Islands,SLB,2015,1154650068.85921
Somalia,SOM,2015,6659000748.05936
South Africa,ZAF,2015,317536830640.619
South Sudan,SSD,2015,10906867789.8878
Spain,ESP,2015,1197789902774.43
Sri Lanka,LKA,2015,80604080688.7961
St. Kitts and Nevis,KNA,2015,936314411.47037
St. Lucia,LCA,2015,1622436703.7037
St. Martin (French part),MAF,2015,NA
St. Vincent and the Grenadines,VCT,2015,755458031.415067
Sudan,SDN,2015,97156119150
Suriname,SUR,2015,4767414747.88691
Sweden,SWE,2015,497918109302.399
Switzerland,CHE,2015,679289166858.236
Syrian Arab Republic,SYR,2015,NA
Tajikistan,TJK,2015,7854602391.65355
Tanzania,TZA,2015,45628320355.1735
Thailand,THA,2015,401399422442.967
Timor-Leste,TLS,2015,3104400000
Togo,TGO,2015,4179185205.16122
Tonga,TON,2015,435438217.281663
Trinidad and Tobago,TTO,2015,24401734194.6814
Tunisia,TUN,2015,43152528548.124
Turkey,TUR,2015,859796691176.471
Turkmenistan,TKM,2015,35799714285.7143
Turks and Caicos Islands,TCA,2015,NA
Tuvalu,TUV,2015,35556038.8176495
Uganda,UGA,2015,27102650386.6012
Ukraine,UKR,2015,91030959454.6961
United Arab Emirates,ARE,2015,358135057862.492
United Kingdom,GBR,2015,2885570309160.86
United States,USA,2015,18120714000000
Uruguay,URY,2015,53274304222.136
Uzbekistan,UZB,2015,66903804142.5395
Vanuatu,VUT,2015,737917151.424178
"Venezuela, RB",VEN,2015,NA
Vietnam,VNM,2015,193241108709.536
Virgin Islands (U.S.),VIR,2015,3759000000
West Bank and Gaza,PSE,2015,12673000000
"Yemen, Rep.",YEM,2015,45593573381.2648
Zambia,ZMB,2015,21154394545.895
Zimbabwe,ZWE,2015,19963120600
Afghanistan,AFG,2016,19046357714.4928
Albania,ALB,2016,11883682170.8236
Algeria,DZA,2016,160129866569.935
American Samoa,ASM,2016,653000000
Andorra,AND,2016,2877311946.90265
Angola,AGO,2016,101123851090.473
Antigua and Barbuda,ATG,2016,1464630213.33333
Argentina,ARG,2016,554860945013.62
Armenia,ARM,2016,10546135160.031
Aruba,ABW,2016,2646927374.30168
Australia,AUS,2016,1208039015868.39
Austria,AUT,2016,390799991147.468
Azerbaijan,AZE,2016,37867518957.1975
"Bahamas, The",BHS,2016,11838800000
Bahrain,BHR,2016,32152686170.2128
Bangladesh,BGD,2016,221415188000.475
Barbados,BRB,2016,4529050000
Belarus,BLR,2016,47749057078.1996
Belgium,BEL,2016,467545548764.571
Belize,BLZ,2016,1806646250
Benin,BEN,2016,8573159696.61128
Bermuda,BMU,2016,NA
Bhutan,BTN,2016,2219675780.89539
Bolivia,BOL,2016,33941126193.9219
Bosnia and Herzegovina,BIH,2016,16911088173.7458
Botswana,BWA,2016,15648632361.5749
Brazil,BRA,2016,1793989048409.29
British Virgin Islands,VGB,2016,NA
Brunei Darussalam,BRN,2016,11400653949.1783
Bulgaria,BGR,2016,53240950226.2443
Burkina Faso,BFA,2016,10886363726.8422
Burundi,BDI,2016,2959185295.39019
Cabo Verde,CPV,2016,1663008687.09505
Cambodia,KHM,2016,20016747754.0192
Cameroon,CMR,2016,32621535418.9031
Canada,CAN,2016,1535767736946.18
Cayman Islands,CYM,2016,NA
Central African Republic,CAF,2016,1755468136.86556
Chad,TCD,2016,10090922857.3905
Channel Islands,CHI,2016,NA
Chile,CHL,2016,250036180921.053
China,CHN,2016,11190992550229.5
Colombia,COL,2016,282856115393.175
Comoros,COM,2016,1024261820.6281
"Congo, Dem. Rep.",COD,2016,37134799974.5225
"Congo, Rep.",COG,2016,9035848070.90357
Costa Rica,CRI,2016,57157992434.219
Cote d'Ivoire,CIV,2016,35389998638.9371
Croatia,HRV,2016,51640880494.2725
Cuba,CUB,2016,91370000000
Curacao,CUW,2016,NA
Cyprus,CYP,2016,20453761061.9469
Czech Republic,CZE,2016,195305084919.138
Denmark,DNK,2016,306899653409.601
Djibouti,DJI,2016,1764268468.93991
Dominica,DMA,2016,575468222.222222
Dominican Republic,DOM,2016,72342967648.3354
Ecuador,ECU,2016,99937696000
"Egypt, Arab Rep.",EGY,2016,332927833278.038
El Salvador,SLV,2016,23912227500
Equatorial Guinea,GNQ,2016,11260900825.8233
Eritrea,ERI,2016,NA
Estonia,EST,2016,23337907618.5174
Eswatini,SWZ,2016,3817430000
Ethiopia,ETH,2016,73000980433.9486
Faroe Islands,FRO,2016,NA
Fiji,FJI,2016,4671313314.55578
Finland,FIN,2016,238677672281.611
France,FRA,2016,2465134297438.91
French Polynesia,PYF,2016,NA
Gabon,GAB,2016,14014369641.7689
"Gambia, The",GMB,2016,1442298542.44008
Georgia,GEO,2016,14378016729.1587
Germany,DEU,2016,3477796274496.8
Ghana,GHA,2016,55009730600.0307
Gibraltar,GIB,2016,NA
Greece,GRC,2016,192690813126.86
Greenland,GRL,2016,2705898955.68727
Grenada,GRD,2016,1061631222.22222
Guam,GUM,2016,5793000000
Guatemala,GTM,2016,68663653469.1246
Guinea,GIN,2016,8694360304.56367
Guinea-Bissau,GNB,2016,1178204501.38801
Guyana,GUY,2016,3504024213.07506
Haiti,HTI,2016,7970649131.23416
Honduras,HND,2016,21643936938.9096
"Hong Kong SAR, China",HKG,2016,320881182123.855
Hungary,HUN,2016,125816640420.569
Iceland,ISL,2016,20304098101.4115
India,IND,2016,2274229710530.47
Indonesia,IDN,2016,932256495234.247
"Iran, Islamic Rep.",IRN,2016,418976679728.567
Iraq,IRQ,2016,170559560067.682
Ireland,IRL,2016,304819018067.107
Isle of Man,IMN,2016,6592627599.24386
Israel,ISR,2016,317747542489.389
Italy,ITA,2016,1859383610248.72
Jamaica,JAM,2016,14072135208.5664
Japan,JPN,2016,4949273341993.88
Jordan,JOR,2016,38654727746.4789
Kazakhstan,KAZ,2016,137278320084.171
Kenya,KEN,2016,70875223143.0362
Kiribati,KIR,2016,178328873.030033
"Korea, Dem. People’s Rep.",PRK,2016,NA
"Korea, Rep.",KOR,2016,1414804158515.26
Kosovo,XKX,2016,6714712389.38053
Kuwait,KWT,2016,110912280701.754
Kyrgyz Republic,KGZ,2016,6813092065.83507
Lao PDR,LAO,2016,15805707154.2329
Latvia,LVA,2016,27571513793.3984
Lebanon,LBN,2016,51483909754.8922
Lesotho,LSO,2016,2323419619.1784
Liberia,LBR,2016,3277826000
Libya,LBY,2016,26221660076.2226
Liechtenstein,LIE,2016,6214633651.30911
Lithuania,LTU,2016,42773029835.3222
Luxembourg,LUX,2016,58631324559.4484
"Macao SAR, China",MAC,2016,45310877912.7215
Madagascar,MDG,2016,10001193315.1966
Malawi,MWI,2016,5433040159.88747
Malaysia,MYS,2016,296752886724.682
Maldives,MDV,2016,4414055724.80263
Mali,MLI,2016,14010787737.8424
Malta,MLT,2016,11274020600.9269
Marshall Islands,MHL,2016,194497900
Mauritania,MRT,2016,4739298730.42216
Mauritius,MUS,2016,12232463655.5727
Mexico,MEX,2016,1077779580638.77
"Micronesia, Fed. Sts.",FSM,2016,329895600
Moldova,MDA,2016,6795731286.20042
Monaco,MCO,2016,6468252212.38938
Mongolia,MNG,2016,11186734674.3847
Montenegro,MNE,2016,4374130530.97345
Morocco,MAR,2016,103345296966.607
Mozambique,MOZ,2016,10981358030.531601
Myanmar,MMR,2016,63256184700.2223
Namibia,NAM,2016,11281259987.2185
Nauru,NRU,2016,102060129.577055
Nepal,NPL,2016,21185922407.5922
Netherlands,NLD,2016,777227541581.307
New Caledonia,NCL,2016,NA
New Zealand,NZL,2016,189285950470.754
Nicaragua,NIC,2016,13184989877.5664
Niger,NER,2016,7528285443.60769
Nigeria,NGA,2016,404649527537.713
North Macedonia,MKD,2016,10672471860.7184
Northern Mariana Islands,MNP,2016,1250000000
Norway,NOR,2016,371075238095.238
Oman,OMN,2016,66824447334.2003
Pakistan,PAK,2016,278654637737.69
Palau,PLW,2016,303984500
Panama,PAN,2016,57957594212.2216
Papua New Guinea,PNG,2016,19028120012.7673
Paraguay,PRY,2016,36054281572.3981
Peru,PER,2016,191639655121.33
Philippines,PHL,2016,304889079564.142
Poland,POL,2016,471992087443.889
Portugal,PRT,2016,205184480409.024
Puerto Rico,PRI,2016,103960800000
Qatar,QAT,2016,151732142857.143
Romania,ROU,2016,188494136775.719
Russian Federation,RUS,2016,1284727602174.3
Rwanda,RWA,2016,8475681532.52169
Samoa,WSM,2016,786640006.097846
San Marino,SMR,2016,1564380530.97345
Sao Tome and Principe,STP,2016,354237479.156978
Saudi Arabia,SAU,2016,644935541440
Senegal,SEN,2016,18973894458.795
Serbia,SRB,2016,38299854688.1277
Seychelles,SYC,2016,1427525456.57573
Sierra Leone,SLE,2016,3556036534.56923
Singapore,SGP,2016,309763879840.753
Sint Maarten (Dutch part),SXM,2016,NA
Slovak Republic,SVK,2016,89768598023.3903
Slovenia,SVN,2016,44708598648.8562
Solomon Islands,SLB,2016,1232699139.42779
Somalia,SOM,2016,6761998533.93861
South Africa,ZAF,2016,295746599722.066
South Sudan,SSD,2016,2904114903.22912
Spain,ESP,2016,1237255019653.86
Sri Lanka,LKA,2016,81787420023.358
St. Kitts and Nevis,KNA,2016,958973183.222222
St. Lucia,LCA,2016,1635675296.2963
St. Martin (French part),MAF,2016,NA
St. Vincent and the Grenadines,VCT,2016,770762204.076067
Sudan,SDN,2016,95584380032.2061
Suriname,SUR,2016,3152173913.04348
Sweden,SWE,2016,514459972806.171
Switzerland,CHE,2016,668745279604.532
Syrian Arab Republic,SYR,2016,NA
Tajikistan,TJK,2016,6952678127.03396
Tanzania,TZA,2016,47388394818.1193
Thailand,THA,2016,411755164832.674
Timor-Leste,TLS,2016,2521000000
Togo,TGO,2016,4457732624.94515
Tonga,TON,2016,401117499.988895
Trinidad and Tobago,TTO,2016,22295585700.3672
Tunisia,TUN,2016,41808379888.2682
Turkey,TUR,2016,863721731068.508
Turkmenistan,TKM,2016,36180000000
Turks and Caicos Islands,TCA,2016,NA
Tuvalu,TUV,2016,36572611.8853148
Uganda,UGA,2016,24133664284.5033
Ukraine,UKR,2016,93355993628.5042
United Arab Emirates,ARE,2016,357045064669.843
United Kingdom,GBR,2016,2650850178102.14
United States,USA,2016,18624475000000
Uruguay,URY,2016,52687612261.5424
Uzbekistan,UZB,2016,67445712840.4013
Vanuatu,VUT,2016,787942567.411846
"Venezuela, RB",VEN,2016,NA
Vietnam,VNM,2016,205276172134.901
Virgin Islands (U.S.),VIR,2016,NA
West Bank and Gaza,PSE,2016,13425700000
"Yemen, Rep.",YEM,2016,36436652465.1639
Zambia,ZMB,2016,20954754378.1394
Zimbabwe,ZWE,2016,20548678100
Afghanistan,AFG,2017,19543976895.4248
Albania,ALB,2017,13038538300.2644
Algeria,DZA,2017,167555280113.181
American Samoa,ASM,2017,634000000
Andorra,AND,2017,3012914131.16971
Angola,AGO,2017,122123822333.73
Antigua and Barbuda,ATG,2017,1510084750.74074
Argentina,ARG,2017,637430331479.469
Armenia,ARM,2017,11536590635.8268
Aruba,ABW,2017,2700558659.21788
Australia,AUS,2017,1323421072479.07
Austria,AUT,2017,416595666396.636
Azerbaijan,AZE,2017,40747792237.9735
"Bahamas, The",BHS,2017,12162100000
Bahrain,BHR,2017,35307127659.5745
Bangladesh,BGD,2017,249723862487.361
Barbados,BRB,2017,4673500000
Belarus,BLR,2017,54456465472.6162
Belgium,BEL,2017,492681283049.248
Belize,BLZ,2017,1862614800
Benin,BEN,2017,9246696923.66155
Bermuda,BMU,2017,NA
Bhutan,BTN,2017,2528007911.35353
Bolivia,BOL,2017,37508642112.8799
Bosnia and Herzegovina,BIH,2017,18054854788.5214
Botswana,BWA,2017,17406565823.2986
Brazil,BRA,2017,2055505502224.73
British Virgin Islands,VGB,2017,NA
Brunei Darussalam,BRN,2017,12128089001.5858
Bulgaria,BGR,2017,58220973782.7715
Burkina Faso,BFA,2017,12322864244.9183
Burundi,BDI,2017,3172416146.3921
Cabo Verde,CPV,2017,1772706451.18085
Cambodia,KHM,2017,22158209502.6391
Cameroon,CMR,2017,34922782310.6416
Canada,CAN,2017,1653042795255.04
Cayman Islands,CYM,2017,NA
Central African Republic,CAF,2017,1949411659.20453
Chad,TCD,2017,9871247731.89787
Channel Islands,CHI,2017,NA
Chile,CHL,2017,277075944401.941
China,CHN,2017,12237700479375
Colombia,COL,2017,314457601859.523
Comoros,COM,2017,1068124329.86257
"Congo, Dem. Rep.",COD,2017,37642482562.3205
"Congo, Rep.",COG,2017,8701334800.21976
Costa Rica,CRI,2017,57285984447.7113
Cote d'Ivoire,CIV,2017,37353276059.2518
Croatia,HRV,2017,55213087270.6341
Cuba,CUB,2017,96851000000
Curacao,CUW,2017,NA
Cyprus,CYP,2017,22054225828.2623
Czech Republic,CZE,2017,215725534372.371
Denmark,DNK,2017,324871968807.469
Djibouti,DJI,2017,1844674434.50371
Dominica,DMA,2017,496727000
Dominican Republic,DOM,2017,75931656814.657
Ecuador,ECU,2017,104295862000
"Egypt, Arab Rep.",EGY,2017,235369129337.711
El Salvador,SLV,2017,24805439600
Equatorial Guinea,GNQ,2017,12293579173.2134
Eritrea,ERI,2017,NA
Estonia,EST,2017,25921079612.3337
Eswatini,SWZ,2017,4433664364.24725
Ethiopia,ETH,2017,80561496133.9172
Faroe Islands,FRO,2017,NA
Fiji,FJI,2017,5061202767.42948
Finland,FIN,2017,251884887972.766
France,FRA,2017,2582501307216.42
French Polynesia,PYF,2017,NA
Gabon,GAB,2017,15013950984.084
"Gambia, The",GMB,2017,1489464787.57415
Georgia,GEO,2017,15081338092.2875
Germany,DEU,2017,3677439129776.6
Ghana,GHA,2017,58996776237.7603
Gibraltar,GIB,2017,NA
Greece,GRC,2017,200288277129.038
Greenland,GRL,2017,NA
Grenada,GRD,2017,1126882296.2963
Guam,GUM,2017,5859000000
Guatemala,GTM,2017,75620095537.5005
Guinea,GIN,2017,10472514514.62
Guinea-Bissau,GNB,2017,1346841897.00437
Guyana,GUY,2017,3621046004.84262
Haiti,HTI,2017,8408150517.97684
Honduras,HND,2017,22978532896.7816
"Hong Kong SAR, China",HKG,2017,341449340450.649
Hungary,HUN,2017,139135029758.29
Iceland,ISL,2017,23909289978.5861
India,IND,2017,2600818243559.65
Indonesia,IDN,2017,1015539017536.5
"Iran, Islamic Rep.",IRN,2017,454012768723.589
Iraq,IRQ,2017,192060810810.811
Ireland,IRL,2017,333730764773.18
Isle of Man,IMN,2017,NA
Israel,ISR,2017,350850537827.281
Italy,ITA,2017,1934797937411.33
Jamaica,JAM,2017,14781107821.7513
Japan,JPN,2017,4872136945507.59
Jordan,JOR,2017,40068308450.7042
Kazakhstan,KAZ,2017,162886867831.694
Kenya,KEN,2017,79263075749.2682
Kiribati,KIR,2017,185572501.532802
"Korea, Dem. People’s Rep.",PRK,2017,NA
"Korea, Rep.",KOR,2017,1530750923148.7
Kosovo,XKX,2017,7244888738.28081
Kuwait,KWT,2017,120126277612.925
Kyrgyz Republic,KGZ,2017,7564738836.04122
Lao PDR,LAO,2017,16853087485.4118
Latvia,LVA,2017,30264454641.8004
Lebanon,LBN,2017,53576985686.6998
Lesotho,LSO,2017,2578265358.30386
Liberia,LBR,2017,3285455000
Libya,LBY,2017,38107728082.5817
Liechtenstein,LIE,2017,NA
Lithuania,LTU,2017,47168303744.1329
Luxembourg,LUX,2017,62404461274.6636
"Macao SAR, China",MAC,2017,50361201096.4366
Madagascar,MDG,2017,11499803806.5729
Malawi,MWI,2017,6303292264.18905
Malaysia,MYS,2017,314710259510.743
Maldives,MDV,2017,4865546027.0157
Mali,MLI,2017,15334336143.644
Malta,MLT,2017,12518134319.0893
Marshall Islands,MHL,2017,204173430.050761
Mauritania,MRT,2017,5024708655.99147
Mauritius,MUS,2017,13266427697.2513
Mexico,MEX,2017,1150887823404.18
"Micronesia, Fed. Sts.",FSM,2017,336427500
Moldova,MDA,2017,8128493432.07741
Monaco,MCO,2017,NA
Mongolia,MNG,2017,11433635875.9316
Montenegro,MNE,2017,4844592066.71174
Morocco,MAR,2017,109708728848.535
Mozambique,MOZ,2017,12645508633.7664
Myanmar,MMR,2017,67068745521.3823
Namibia,NAM,2017,13253698014.7075
Nauru,NRU,2017,113884908.36413
Nepal,NPL,2017,24880266905.4961
Netherlands,NLD,2017,826200282501.127
New Caledonia,NCL,2017,NA
New Zealand,NZL,2017,205852838254.712
Nicaragua,NIC,2017,13814261535.5434
Niger,NER,2017,8119710126.3489
Nigeria,NGA,2017,375745486520.656
North Macedonia,MKD,2017,11279509013.9119
Northern Mariana Islands,MNP,2017,1593000000
Norway,NOR,2017,398831956477.937
Oman,OMN,2017,72642652795.8387
Pakistan,PAK,2017,304951818494.066
Palau,PLW,2017,289823500
Panama,PAN,2017,62283756584.4322
Papua New Guinea,PNG,2017,20536314601.1039
Paraguay,PRY,2017,39667400816.2126
Peru,PER,2017,211389272242.157
Philippines,PHL,2017,313595208736.66
Poland,POL,2017,526465839002.568
Portugal,PRT,2017,217571083045.99
Puerto Rico,PRI,2017,NA
Qatar,QAT,2017,166928571428.571
Romania,ROU,2017,211883923504.01
Russian Federation,RUS,2017,1577524145962.85
Rwanda,RWA,2017,9135454442.14013
Samoa,WSM,2017,840927996.555194
San Marino,SMR,2017,1632860040.56795
Sao Tome and Principe,STP,2017,392570292.501299
Saudi Arabia,SAU,2017,686738400000
Senegal,SEN,2017,21070225734.7861
Serbia,SRB,2017,41431648801.1663
Seychelles,SYC,2017,1497959568.97249
Sierra Leone,SLE,2017,3775047333.92116
Singapore,SGP,2017,323907234412.34
Sint Maarten (Dutch part),SXM,2017,NA
Slovak Republic,SVK,2017,95769031980.1362
Slovenia,SVN,2017,48769655479.2388
Solomon Islands,SLB,2017,1303453622.23293
Somalia,SOM,2017,7052000000
South Africa,ZAF,2017,348871647959.64
South Sudan,SSD,2017,NA
Spain,ESP,2017,1311320015515.99
Sri Lanka,LKA,2017,87357205923.1238
St. Kitts and Nevis,KNA,2017,992007403.125926
St. Lucia,LCA,2017,1737504296.2963
St. Martin (French part),MAF,2017,NA
St. Vincent and the Grenadines,VCT,2017,785222509.144563
Sudan,SDN,2017,117487857142.857
Suriname,SUR,2017,2995827900.91265
Sweden,SWE,2017,538040458216.997
Switzerland,CHE,2017,678887336848.252
Syrian Arab Republic,SYR,2017,NA
Tajikistan,TJK,2017,7146449583.02631
Tanzania,TZA,2017,52090321003.0556
Thailand,THA,2017,455302682985.757
Timor-Leste,TLS,2017,2954620999.58441
Togo,TGO,2017,4757776485.12802
Tonga,TON,2017,427659795.301271
Trinidad and Tobago,TTO,2017,22079017626.6686
Tunisia,TUN,2017,39952095560.8829
Turkey,TUR,2017,851549299635.427
Turkmenistan,TKM,2017,37926285714.2857
Turks and Caicos Islands,TCA,2017,NA
Tuvalu,TUV,2017,39731317.3044487
Uganda,UGA,2017,25995031850.1658
Ukraine,UKR,2017,112154185121.406
United Arab Emirates,ARE,2017,382575085091.899
United Kingdom,GBR,2017,2622433959604.16
United States,USA,2017,19390604000000
Uruguay,URY,2017,56156972157.6958
Uzbekistan,UZB,2017,49677172714.26
Vanuatu,VUT,2017,862879789.027549
"Venezuela, RB",VEN,2017,NA
Vietnam,VNM,2017,223779865815.183
Virgin Islands (U.S.),VIR,2017,NA
West Bank and Gaza,PSE,2017,14498100000
"Yemen, Rep.",YEM,2017,31267675216.25
Zambia,ZMB,2017,25868142073.452
Zimbabwe,ZWE,2017,22040902300